Months,Locally Manufactured & Imported,Market Share By Brand,Total Heavy (GCV >15t),    Scania,    Volvo,    Mercedes-Benz,    MAN,    Ford,    Iveco,    International,    DAF,    Agrale,    Other,Units By Brand,Total Heavy (GCV >15t),    Scania,    Volvo,    Mercedes-Benz,    MAN,    Ford,    Iveco,    International,    DAF,    Agrale,    Other,Heavy (GCV >45t),    Scania,    Volvo,    Mercedes-Benz,    MAN,    Iveco,    Ford,    International,    DAF,    Other,Semi-Heavy (GCV >15t - <45t),    MAN,    Mercedes-Benz,    Ford,    Volvo,    Iveco,    Scania,    Daimler,        Freightliner,        Western Star,        Mercedes-Benz,    PACCAR,        Kenworth,        Peterbilt,    Navistar,        International,    Volvo,        Volvo Truck,        Mack,    Dina Camiones,    MAN,        MAN,    Scania,    Other,    Daimler,        Freightliner,        Western Star,    PACCAR,        Kenworth,        Peterbilt,    Volvo,        Volvo Truck,        Mack,    Navistar,        International,    Other,    Daimler,        Freightliner,        Western Star,    PACCAR,        Kenworth,        Peterbilt,    Volvo,        Volvo Truck,        Mack,    Navistar,        International,    PACCAR,        Kenworth,    Navistar,        International,    Daimler,        Freightliner,        Mercedes-Benz,    Volvo,        Volvo Truck,        Mack,    Dina Camiones,    MAN,        MAN,    Scania,    Daimler,        Freightliner,        Mercedes-Benz,    Navistar,    PACCAR,        Kenworth,        Peterbilt,    Ford,    Hino,    Dina Camiones,    MAN,        Volkswagen Truck & Bus,    Daimler,        Freightliner,    Navistar,        International,    PACCAR,        Kenworth,        Peterbilt,    Ford,    Hino,    Navistar,        International,    PACCAR,        Kenworth,        Peterbilt,    Daimler,        Freightliner,    Hino,    Ford,    Daimler,        Freightliner,        Mercedes-Benz,    Navistar,        International,    Isuzu,    Hino,    Dina Camiones,    PACCAR,        Kenworth,    MAN,        Volkswagen Truck & Bus,Total North America (Class 8),    Daimler - Freightliner,    Daimler - Western Star,    Daimler - Mercedes-Benz,    PACCAR - Kenworth,    PACCAR - Peterbilt,    Navistar - International,    Volvo - Volvo Truck,    Volvo - Mack,    Dina Camiones,    MAN - MAN,    Scania,    Other,United States (Class 8),    Daimler - Freightliner,    Daimler - Western Star,    PACCAR - Kenworth,    PACCAR - Peterbilt,    Volvo - Volvo Truck,    Volvo - Mack,    Navistar - International,    Other,Canada (Class 8),    Daimler - Freightliner,    Daimler - Western Star,    PACCAR - Kenworth,    PACCAR - Peterbilt,    Volvo - Volvo Truck,    Volvo - Mack,    Navistar - International,Mexico (Class 8),    PACCAR - Kenworth,    Navistar - International,    Daimler - Freightliner,    Daimler - Mercedes-Benz,    Volvo - Volvo Truck,    Volvo - Mack,    Dina Camiones,    MAN - MAN,    Scania,Total North America (Class 6-7),    Daimler - Freightliner,    Daimler - Mercedes-Benz,    Navistar,    PACCAR - Kenworth,    PACCAR - Peterbilt,    Ford,    Hino,        US,        Canada,        Mexico,    Dina Camiones,    MAN - Volkswagen Truck & Bus,    Other,United States (Class 6-7),    Daimler - Freightliner,    Navistar - International,    PACCAR - Kenworth,    PACCAR - Peterbilt,    Ford,    Hino,Canada (Class 6-7),    Navistar - International,    PACCAR - Kenworth,    PACCAR - Peterbilt,    Daimler - Freightliner,    Hino,    Ford,Mexico (Class 6-7),    Daimler - Freightliner,    Daimler - Mercedes-Benz,    Navistar - International,    Hino,    Dina Camiones,    PACCAR - Kenworth,    General Motors - Chevrolet,Adj Close
10/2017,18.60465116,20.80620155,23.34883721,24.03100775,5.457364341,4.279069767,0,3.472868217,0,0,112,3225,600,671,753,775,176,138,0,112,0,0,1974,511,584,418,260,73,16,0,112,0,1251,515,335,160,87,65,89,0,0,0,36.13750216,33.537744,2.599758162,0.391680372,31.43029884,17.04957678,14.38072206,17.77077215,17.77077215,12.96856106,7.751770599,5.216790465,0.231759596,0.146548677,0.146548677,0.470392758,1.69286578,37.41075413,35.33020973,2.0805444,32.60263275,15.44511379,17.15751896,14.29607318,8.366800535,5.929272646,15.62360553,15.62360553,0.066934404,36.1162192,27.69400515,8.422214049,25.89187201,16.55020228,9.341669732,14.56417801,9.599117323,4.965060684,23.42773078,23.42773078,29.05540056,29.05540056,26.9828617,26.9828617,27.06257473,27.06257473,4.020270886,1.753686727,1.355121562,0.398565165,2.42636377,1.462956668,1.462956668,4.680644539,35.66616136,35.66616136,2.526128519,27.95182752,11.52939195,5.592049857,5.937342092,13.3484925,7.015327607,0,0,0,38.63679514,38.63679514,26.96981204,26.96981204,12.13214354,5.819251946,6.312891589,14.92310613,6.797038162,51.6722408,51.6722408,15.05016722,8.361204013,6.688963211,11.20401338,11.20401338,19.56521739,2.173913043,13.20754717,13.20754717,0,22.77628032,22.77628032,0,0,0,0.13477089,0.13477089,0,0,23156,7766,602,0,3948,3330,4115,1795,1208,0,0,0,392,17928,6334,373,2769,3076,1500,1063,2801,12,2719,753,229,450,254,261,135,637,2509,729,677,679,91.13333333,34,10,53.13333333,0,0,11874,4235,0,3319,664,705,1585,833,716,117,61.23333333,27,49.9,474,10534,4070,2841,613,665,1572,716,598,309,50,40,67,117,13,742,98,275.9333333,169,0,0,1,0,56.416393
9/2017,16.49205813,17.13416695,26.08989523,24.40013518,6.894221021,5.30584657,0.033795201,3.616086516,0,0.033795201,107,2959,488,507,772,722,204,157,1,107,0,1,1725,428,421,439,217,96,17,0,107,0,1234,505,333,187,86,61,60,1,0,1,41.01480855,38.14203762,2.872770934,0.391680372,30.03068439,17.33890692,12.69177747,12.20705296,12.20705296,14.43055988,7.693333926,6.737225953,0.231759596,0.146548677,0.146548677,0.470392758,2.316894206,43.38597385,41.04828211,2.337691742,29.95981208,15.22046754,14.73934454,15.26008943,7.833814456,7.426274976,11.29223977,11.29223977,0.10188487,38.04616653,28.44187964,9.604286892,27.61747732,17.31244847,10.30502885,21.06347898,12.86067601,8.202802968,13.27287716,13.27287716,32.99916458,32.99916458,17.8780284,17.8780284,26.52464495,26.52464495,4.020270886,1.587301588,1.42021721,0.167084378,2.42636377,1.462956668,1.462956668,4.680644539,36.6839101,36.6839101,2.526128519,27.39029611,11.00606493,6.01141634,4.994648591,12.50445951,7.625758116,0,0,0,40.41237113,40.41237113,25.89690722,25.89690722,11.70103093,6.329896907,5.371134021,14.26804124,7.329896907,55.28967254,55.28967254,11.46095718,6.549118388,4.911838791,12.72040302,12.72040302,18.13602015,2.267002519,12.81337047,12.81337047,0,16.71309192,16.71309192,0,0,0,1.114206128,1.114206128,0,0,22487,8577,646,0,3899,2854,2745,1730,1515,0,0,0,521,17667,7252,413,2689,2604,1384,1312,1995,18,2426,690,233,420,250,312,199,322,2394,790,428,635,91.13333333,34,4,53.13333333,0,0,11212,4113,0,3071,674,560,1402,855,711,144,61.23333333,27,49.9,498,9700,3920,2512,614,521,1384,711,794,439,52,39,101,144,18,718,92,275.9333333,120,0,0,8,0,55.913555
8/2017,14.05440415,15.47927461,31.25,22.02072539,7.804404145,5.569948187,0.064766839,3.724093264,0.03238342,0,115,3088,434,478,965,680,241,172,2,115,1,0,1693,371,414,575,115,94,9,0,115,0,1395,565,390,232,64,78,63,2,1,0,35.86499839,32.64693661,3.218061776,0.391680372,30.80012928,16.78747865,14.01265063,16.23343645,16.23343645,15.48547948,8.509164781,6.976314696,0.231759596,0.146548677,0.146548677,0.470392758,1.615956415,36.82278923,34.06734242,2.755446813,30.22253291,14.13841314,16.08411977,16.80647792,8.813934522,7.9925434,16.02586508,16.02586508,0.122334848,34.47037702,24.41651706,10.05385996,29.08438061,16.78635548,12.29802513,20.06283662,14.13824057,5.92459605,16.38240575,16.38240575,36.86534216,36.86534216,17.66004415,17.66004415,29.97792494,29.97792494,4.020270886,0.971302429,0.662251656,0.309050773,2.42636377,1.462956668,1.462956668,4.680644539,35.17039209,35.17039209,2.526128519,32.14364236,8.955661414,4.902894833,4.052766581,13.34554782,6.419934042,0,0,0,37.375522,37.375522,32.63732734,32.63732734,9.19530999,5.091551558,4.103758432,14.51975586,6.071313845,36.41025641,36.41025641,17.17948718,6.41025641,10.76923077,12.05128205,12.05128205,30.76923077,3.333333333,12.20423412,12.20423412,0,22.41594022,22.41594022,0,0,0,1.245330012,1.245330012,0,0,21659,7071,697,0,3636,3035,3516,1843,1511,0,0,0,350,17166,5848,473,2427,2761,1513,1372,2751,21,2228,544,224,374,274,315,132,365,2265,835,400,679,91.13333333,15,7,53.13333333,0,0,13645,4799,0,4386,669,553,1821,876,756,120,61.23333333,27,49.9,515,12452,4654,4064,634,511,1808,756,390,142,25,42,47,120,13,803,98,275.9333333,180,0,0,10,0,56.39843
7/2017,19.30215293,18.63400148,25.79806978,21.82628062,7.201187825,3.897550111,0,3.340757238,0,0,90,2694,520,502,695,588,194,105,0,90,0,0,1555,432,447,354,171,46,15,0,90,0,1139,417,341,179,55,59,88,0,0,0,38.90160183,35.49961861,3.401983219,0.391680372,33.0129672,18.47953216,14.53343504,11.91456903,11.91456903,14.26392067,7.815916603,6.448004068,0.231759596,0.146548677,0.146548677,0.470392758,1.906941266,40.66723249,37.78154991,2.885682575,32.76751322,15.87778286,16.88973036,15.81902461,8.369785206,7.449239407,10.60912711,10.60912711,0.137102566,35.5704698,24.68839885,10.88207095,33.50910835,20.5177373,12.99137105,16.87440077,10.93000959,5.944391179,14.04602109,14.04602109,34.21750663,34.21750663,18.78868258,18.78868258,30.01768347,30.01768347,4.020270886,1.326259947,1.193633952,0.132625995,2.42636377,1.462956668,1.462956668,4.680644539,33.95784543,33.95784543,2.526128519,30.01261034,11.3673212,6.386236714,4.981084489,13.41199784,6.998738966,0,0,0,36.01049339,36.01049339,30.89496519,30.89496519,11.75461608,6.548279689,5.206336394,14.83200484,6.467561296,30.81510934,30.81510934,17.89264413,10.53677932,7.355864811,20.47713718,20.47713718,27.03777336,3.777335984,14.24418605,14.24418605,0,16.71511628,16.71511628,0,0,0,1.01744186,1.01744186,0,0,19665,6981,669,0,3634,2858,2343,1537,1268,0,0,0,375,15317,5787,442,2432,2587,1282,1141,1625,21,2086,515,227,428,271,228,124,293,2262,774,425,679,91.13333333,27,3,53.13333333,0,0,11102,3770,0,3332,709,553,1489,777,641,136,61.23333333,27,49.9,468,9911,3569,3062,649,516,1470,641,503,155,53,37,103,136,19,688,98,275.9333333,115,0,0,7,0,51.256466
6/2017,17.24683544,18.78955696,28.9556962,20.45094937,7.278481013,4.430379747,0.039556962,2.768987342,0.039556962,0,70,2528,436,475,732,517,184,112,1,70,1,0,1406,355,400,431,103,30,17,0,70,0,1122,414,301,167,75,82,81,1,1,0,38.37754918,34.79967515,3.57787403,0.391680372,30.45027973,16.67569031,13.77458942,11.2524815,11.2524815,17.63219636,8.730373579,8.901822776,0.231759596,0.146548677,0.146548677,0.470392758,2.287493232,39.70537262,36.47024841,3.235124206,30.68168689,14.615829,16.06585789,19.60716349,9.416522241,10.19064125,9.878682842,9.878682842,0.127094165,37.6109766,28.20823245,9.402744149,26.79580307,15.81920904,10.97659403,18.68442292,10.85552865,7.82889427,16.90879742,16.90879742,32.57575758,32.57575758,15.36195286,15.36195286,29.503367,29.503367,4.020270886,2.146464646,1.515151515,0.631313131,2.42636377,1.462956668,1.462956668,4.680644539,34.13016925,34.13016925,2.526128519,25.69359623,10.46937707,5.976269412,4.49310766,16.63758506,8.549991276,0,0,0,36.33531302,36.33531302,26.35575893,26.35575893,10.74870996,6.085093954,4.663616006,18.38185182,8.178366274,27.13004484,27.13004484,19.73094171,11.65919283,8.071748879,17.48878924,17.48878924,31.39013453,4.260089686,13.69127517,13.69127517,0,15.70469799,15.70469799,0,0,0,1.073825503,1.073825503,0,0,22164,7713,793,0,3696,3053,2494,1935,1973,0,0,0,507,17310,6313,560,2530,2781,1630,1764,1710,22,2478,699,233,392,272,269,194,419,2376,774,365,701,91.13333333,36,15,53.13333333,0,0,11462,3912,0,2945,685,515,1907,980,840,140,61.23333333,27,49.9,518,10271,3732,2707,625,479,1888,840,446,121,52,36,78,140,19,745,102,275.9333333,117,0,0,8,0,58.862026
5/2017,17.11250983,17.42722266,28.36349331,21.36113297,8.064516129,4.287962234,0.236034618,3.068450039,0,0.078678206,78,2542,435,443,721,543,205,109,6,78,0,2,1486,365,388,404,189,43,17,0,78,2,1056,354,317,188,55,66,70,6,0,0,42.55156608,39.60561497,2.945951108,0.391680372,30.12796028,16.99293354,13.13502674,10.69518717,10.69518717,14.58174179,7.892475172,6.689266616,0.231759596,0.146548677,0.146548677,0.470392758,2.043544691,44.95937962,42.46676514,2.492614476,29.96061054,14.8572132,15.10339734,15.55268341,8.314869522,7.237813885,9.4596258,9.4596258,0.06770064,38.7473904,29.89561587,8.85177453,29.85386221,17.45302714,12.40083507,17.6617954,10.60542797,7.056367432,13.73695198,13.73695198,31.59495871,31.59495871,16.25380269,16.25380269,29.50890917,29.50890917,4.020270886,4.519774012,2.086049544,2.433724468,2.42636377,1.462956668,1.462956668,4.680644539,40.85716897,40.85716897,2.526128519,24.06104359,11.68783697,6.19574157,5.492095403,11.68783697,7.758384355,0,0,0,44.06883835,44.06883835,24.28805573,24.28805573,11.64720344,6.248719525,5.398483917,12.98914157,7.00676091,28.59813084,28.59813084,25.23364486,11.40186916,13.8317757,13.27102804,13.27102804,30.8411215,2.056074766,15.17027864,15.17027864,0,16.87306502,16.87306502,0,0,0,1.083591331,1.083591331,0,0,20944,8295,617,0,3559,2751,2240,1653,1401,0,0,0,428,16248,6900,405,2414,2454,1351,1176,1537,11,2395,716,212,418,297,254,169,329,2301,727,374,679,91.13333333,48,56,53.13333333,0,0,10943,4471,0,2633,678,601,1279,849,684,165,61.23333333,27,49.9,432,9762,4302,2371,610,527,1268,684,535,153,61,74,71,165,11,646,98,275.9333333,109,0,0,7,0,60.393944
4/2017,15.54921541,19.16310033,25.3447456,24.63147884,7.513076557,5.04041845,0.332857822,2.42510699,0,0,51,2103,327,403,533,518,158,106,7,51,0,0,1308,281,358,308,239,60,11,0,51,0,795,279,225,147,45,46,46,7,0,0,38.13502674,34.69251337,3.442513369,0.391680372,31.92959002,17.94786096,13.98172906,13.06261141,13.06261141,14.66131907,8.077094474,6.584224599,0.231759596,0.146548677,0.146548677,0.470392758,2.211452763,39.00693842,35.88464874,3.122289679,33.30442325,16.78953455,16.5148887,16.52934374,8.860942469,7.668401272,11.09424689,11.09424689,0.065047702,42.39583333,32.70833333,9.6875,25,13.28125,11.71875,15.05208333,9.583333333,5.46875,17.55208333,17.55208333,29.32604736,29.32604736,21.53916211,21.53916211,28.91621129,28.91621129,4.020270886,2.550091075,1.821493625,0.72859745,2.42636377,1.462956668,1.462956668,4.680644539,37.9344233,37.9344233,2.526128519,22.94291075,9.952648977,5.780398463,4.172250514,18.68131868,6.584472438,0,0,0,39.84962406,39.84962406,23.17794486,23.17794486,10.3358396,6.105263158,4.230576441,20.80200501,5.834586466,24.95636998,24.95636998,13.96160558,6.108202443,7.853403141,31.2390925,31.2390925,27.05061082,2.792321117,14.26356589,14.26356589,0,17.51937984,17.51937984,0,0,0,0.465116279,0.465116279,0,0,17952,6228,618,0,3222,2510,2345,1450,1182,0,0,0,397,13836,4965,432,2323,2285,1226,1061,1535,9,1920,628,186,255,225,184,105,337,2196,644,473,635,91.13333333,40,16,53.13333333,0,0,11193,4246,0,2568,647,467,2091,737,582,155,61.23333333,27,49.9,437,9975,3975,2312,609,422,2075,582,573,143,35,45,179,155,16,645,92,275.9333333,113,0,0,3,0,61.489452
3/2017,21.02502018,14.52784504,32.72800646,16.78773204,8.192090395,3.914447135,0.040355125,2.663438257,0.040355125,0.08071025,66,2478,521,360,811,416,203,97,1,66,1,2,1468,443,302,505,90,34,27,0,66,1,1010,326,306,176,58,63,78,1,1,1,37.60119631,34.31134946,3.289846852,0.391680372,29.0620327,16.52142526,12.54060744,11.0452225,11.0452225,20.0123756,10.17377404,9.838601557,0.231759596,0.146548677,0.146548677,0.470392758,2.279172897,38.99817481,35.97647536,3.021699452,29.09484216,14.27702292,14.81781924,22.2943284,11.08632461,11.20800379,9.599134726,9.599134726,0.013519908,37.93271575,28.62018528,9.312530473,26.18235007,14.4807411,11.70160897,22.62311068,11.75036568,10.872745,13.2618235,13.2618235,31.18870145,31.18870145,17.65398195,17.65398195,29.2271479,29.2271479,4.020270886,4.66849745,3.609258533,1.059238917,2.42636377,1.462956668,1.462956668,4.680644539,36.12921918,36.12921918,2.526128519,26.26394321,8.858467333,4.469071418,4.389395915,17.40547588,7.721280603,0,0,0,38.18253968,38.18253968,26.34920635,26.34920635,9.07936508,4.523809524,4.555555556,19.01587302,7.373015873,40.08528785,40.08528785,14.28571429,7.462686567,6.823027719,14.92537313,14.92537313,29.21108742,1.492537313,14.5183175,14.5183175,0,16.01085482,16.01085482,0,0,0,1.628222524,1.628222524,0,0,19393,6654,638,0,3204,2432,2142,1973,1908,0,0,0,442,14793,5322,447,2112,2192,1640,1658,1420,2,2051,587,191,297,240,241,223,272,2549,795,450,745,91.13333333,92,27,53.13333333,0,0,13806,4988,0,3626,617,606,2403,1066,929,137,61.23333333,27,49.9,500,12600,4811,3320,570,574,2396,929,469,188,35,32,70,137,7,737,107,275.9333333,118,0,0,12,0,55.161411
2/2017,15.33505155,23.7757732,32.15206186,16.10824742,6.056701031,3.801546392,0.322164948,2.384020619,0,0.06443299,37,1552,238,369,499,250,94,59,5,37,0,1,901,194,328,260,52,21,8,0,37,1,651,198,239,86,41,38,44,5,0,0,39.92754119,37.12488892,2.802652266,0.391680372,28.4913528,14.64214916,13.84920364,12.69396404,12.69396404,17.27390799,8.818101032,8.455806959,0.231759596,0.146548677,0.146548677,0.470392758,1.613233987,40.99107143,38.48214286,2.508928571,28.09821428,11.88392857,16.21428571,19.22321429,9.357142857,9.866071429,11.66071429,11.66071429,0.026785714,41.95088677,33.15143247,8.799454297,28.17189631,13.84720327,14.32469304,18.55388813,11.18690314,7.366984993,11.32332879,11.32332879,30.97300051,30.97300051,19.61283749,19.61283749,32.34844626,32.34844626,4.020270886,5.196128375,3.973509934,1.222618441,2.42636377,1.462956668,1.462956668,4.680644539,39.33584075,39.33584075,2.526128519,24.99770663,7.705715072,3.586826897,4.118888175,16.78745069,7.201174204,0,0,0,42.46406571,42.46406571,24.57905544,24.57905544,7.813141683,3.624229979,4.188911704,18.58316222,6.560574949,35.94080338,35.94080338,16.27906977,7.610993658,8.66807611,12.68498943,12.68498943,30.86680761,4.22832981,13.37209302,13.37209302,0,23.40116279,23.40116279,0,0,0,0.290697674,0.290697674,0,0,14629,5431,410,0,2142,2026,1857,1290,1237,0,0,0,236,11200,4310,281,1331,1816,1048,1105,1306,3,1466,486,129,203,210,164,108,166,1963,608,385,635,91.13333333,78,24,53.13333333,0,0,10901,4288,0,2725,391,449,1830,785,639,146,61.23333333,27,49.9,433,9740,4136,2394,353,408,1810,639,473,170,36,41,60,146,20,688,92,275.9333333,161,0,0,2,0,58.777046
1/2017,17.03703704,17.1957672,28.62433862,17.40740741,10.21164021,5.555555556,0.423280423,3.227513228,0,0.317460318,61,1890,322,325,541,329,193,105,8,61,0,6,1003,274,273,270,73,33,12,1,61,6,887,256,271,181,52,72,48,7,0,0,39.69588676,36.96307196,2.732814799,0.391680372,27.03384486,12.93532338,14.09852148,13.73414617,13.73414617,17.10461776,9.025296055,8.079321701,0.231759596,0.146548677,0.146548677,0.470392758,2.43150445,39.73866959,37.25328947,2.485380117,27.86915205,10.85526316,17.01388889,20.54093567,10.76388889,9.777046784,11.81469298,11.81469298,0.036549708,46.25998548,37.69063181,8.569353667,25.708061,14.81481481,10.89324619,10.02178649,5.156136529,4.865649964,18.01016703,18.01016703,23.28205128,23.28205128,21.48717949,21.48717949,34.82051282,34.82051282,4.020270886,2.820512821,2,0.820512821,2.42636377,1.462956668,1.462956668,4.680644539,37.12106003,37.12106003,2.526128519,20.70869303,8.311584019,4.497088938,3.814495081,22.30475808,7.0568159,0,0,0,39.60551384,39.60551384,20.31827861,20.31827861,8.685419702,4.673316149,4.012103553,24.82348986,6.567297994,24.21383648,24.21383648,16.03773585,9.119496855,6.918238994,20.75471698,20.75471698,36.79245283,2.201257862,13.59223301,13.59223301,0,23.99445215,23.99445215,0,0,0,0.27739251,0.27739251,0,0,14271,5275,390,0,1846,2012,1960,1288,1153,0,0,0,347,10944,4077,272,1188,1862,1178,1070,1293,4,1377,519,118,204,150,71,67,248,1950,454,419,679,91.13333333,39,16,53.13333333,0,0,9962,3698,0,2063,448,380,2222,703,586,117,61.23333333,27,49.9,448,8923,3534,1813,417,358,2215,586,318,77,29,22,66,117,7,721,98,275.9333333,173,0,0,2,0,58.144497
12/2016,11.93693694,22.14714715,27.36486486,21.05855856,7.282282282,5.33033033,0.337837838,3.453453453,0,1.088588589,92,2664,318,590,729,561,194,142,9,92,0,29,1354,254,520,269,116,49,23,2,92,29,1310,445,460,171,70,93,64,7,0,0,32.55223949,28.68674754,3.265833295,0.599658656,33.50246782,22.7778034,10.72466442,9.654504359,9.654504359,22.51948891,12.77272937,9.746759537,0.396697265,0.313667605,0.313667605,1.024032474,0.036902071,31.32638044,27.99283383,3.333546612,33.26508414,19.70055666,13.56452748,27.23782711,15.06174419,12.17608292,8.119521403,8.119521403,0.051186896,38.93249607,29.14704343,9.785452643,25.53636839,14.80900052,10.72736787,26.68759811,17.73940345,8.948194662,8.843537415,8.843537415,38.07683015,38.07683015,15.82507852,15.82507852,34.23532254,31.09446726,3.140855279,2.778448901,1.836192317,0.942256584,2.077796569,1.642908915,1.642908915,5.3636144,32.70596287,29.00162546,3.704337411,18.16237488,13.75652323,7.288904098,6.467619129,26.16990333,8.07596886,0.119770725,0.650183934,0.650183934,30.66232148,30.66232148,18.18268954,18.18268954,14.85670469,7.811751174,7.044953513,29.22457587,7.073708425,31.83391003,31.83391003,17.30103807,10.03460208,7.266435986,17.64705882,17.64705882,29.75778547,3.460207612,59.25542916,14.47776629,44.77766287,13.85729059,13.85729059,4.343329886,12.40951396,1.447776629,0.827300931,0.827300931,7.859358842,7.859358842,21679,6219,708,130,4938,2325,2093,2769,2113,86,68,222,8,15629,4375,521,3079,2120,2354,1903,1269,8,1911,557,187,283,205,339,171,169,4139,1576,655,1287,130,76,39,86,68,222,11689,3390,433,2123,852,756,3059,944,738,86,120,14,76,0,10433,3199,1897,815,735,3049,738,289,92,29,21,51,86,10,967,140,433,134,120,14,8,76,60.179649
11/2016,15.19963702,17.96733212,32.07803993,20.87114338,8.484573503,2.404718693,0.362976407,2.132486388,0,0.499092559,47,2204,335,396,707,460,187,53,8,47,0,11,1139,278,324,318,100,24,35,2,47,11,1065,360,389,152,72,29,57,6,0,0,41.21088649,37.56464504,3.139528809,0.506712636,29.53037664,17.69837539,11.83200125,12.24468474,12.24468474,15.49913807,9.126051298,6.373086768,0.334325863,0.266415922,0.266415922,0.861933866,0.052238416,42.60919458,39.71885534,2.890339238,28.88187621,14.09309331,14.7887829,18.26723087,10.40665567,7.860575199,10.16997777,10.16997777,0.071720577,46.91943128,36.492891,10.42654028,24.3812533,13.69141654,10.68983676,19.06266456,12.79620853,6.266456029,9.636650869,9.636650869,35.23174796,35.23174796,22.50833081,22.50833081,32.02059981,29.08209633,2.938503484,1.75704332,1.605574068,0.151469252,1.938806422,1.544986368,1.544986368,4.998485307,40.27286509,36.62455786,3.648307226,15.93734209,11.04598282,6.154623547,4.891359272,22.19302678,9.489641233,0.12127337,0.576048509,0.576048509,39.19120174,39.19120174,16.04994845,16.04994845,11.39878566,6.312292359,5.086493298,24.90548746,8.454576698,24.3718593,24.3718593,21.35678392,11.30653266,10.05025126,21.35678392,21.35678392,27.38693467,5.527638191,62.36979166,15.36458333,47.00520833,10.28645833,10.28645833,4.6875,11.97916667,1.5625,1.692708333,1.692708333,7.421875,7.421875,19143,7191,601,97,3388,2265,2344,1747,1220,64,51,165,10,13943,5538,403,1965,2062,1451,1096,1418,10,1899,693,198,260,203,243,119,183,3301,1163,743,960,97,53,5,64,51,165,9895,3624,361,1577,609,484,2196,939,738,109,92,12,57,0,8729,3421,1401,551,444,2174,738,398,97,45,40,85,109,22,768,118,361,79,92,12,13,57,58.531269
10/2016,17.16341213,15.36485098,28.52004111,22.76464543,8.067831449,4.624871531,0.71942446,2.158273381,0,0.616649538,42,1946,334,299,555,443,157,90,14,42,0,12,853,264,207,206,79,25,12,7,42,11,1093,364,349,145,92,65,70,7,0,1,34.38126728,31.35129275,2.542143206,0.487831319,30.24012141,17.72995826,12.51016315,17.81668383,17.81668383,16.13637596,9.247113665,6.889262291,0.319800531,0.254756355,0.254756355,0.83473359,0.016261044,34.46908503,32.09722426,2.371860773,30.67263915,15.47951241,15.19312674,18.76927596,10.3833162,8.385959759,16.06697019,16.06697019,0.022029667,33.90601314,26.52854977,7.377463365,27.03385548,14.95704901,12.07680647,18.39312784,12.37998989,6.013137948,20.66700354,20.66700354,30.3997195,30.3997195,24.19354839,24.19354839,34.2917251,31.13604488,3.155680224,1.998597475,1.647966339,0.350631136,2.068723703,1.647966339,1.647966339,5.399719495,40.6071929,37.87015413,2.737038767,22.01774872,12.00373657,6.716487623,5.287248949,17.19757123,7.417094816,0.093414292,0.48575432,0.48575432,40.70153591,40.70153591,21.06683271,21.06683271,12.78538813,7.04649232,5.738895807,19.00166044,6.444582814,46.45669291,46.45669291,12.5984252,9.186351706,3.412073491,13.38582677,13.38582677,24.9343832,2.624671916,54.36046511,11.77325581,42.5872093,21.80232558,21.80232558,2.761627907,11.3372093,1.453488372,0.726744186,0.726744186,7.558139535,7.558139535,18449,5784,469,90,3271,2308,3287,1706,1271,59,47,154,3,13618,4371,323,2108,2069,1414,1142,2188,3,1979,525,146,296,239,245,119,409,2852,867,690,888,90,47,10,59,47,154,10705,4054,293,2357,719,566,1841,794,621,95,78,10,52,0,9636,3922,2030,679,553,1831,621,381,177,35,13,51,95,10,688,81,293,150,78,10,5,52,58.955597
9/2016,15.40997116,17.92336218,30.03708282,20.35434693,9.476720231,3.461063041,0.247218789,2.307375361,0,0.782859497,56,2427,374,435,729,494,230,84,6,56,0,19,1125,308,330,254,114,26,13,5,56,19,1302,380,475,217,105,58,66,1,0,0,36.85380768,33.57926121,2.845014907,0.429531558,32.1188539,20.33452928,11.78432462,12.56758805,12.56758805,17.09030269,9.348628026,7.741674668,0.282985497,0.22739906,0.22739906,0.737783617,0.121279499,36.50454303,34.2797969,2.224746125,33.02378407,18.64644575,14.37733832,19.56841261,10.40219134,9.166221272,10.74291823,10.74291823,0.160342063,42.32580038,31.49717514,10.82862524,23.6346516,15.16007533,8.474576271,18.59698682,12.33521657,6.261770245,15.44256121,15.44256121,33.77827215,33.77827215,20.43010753,20.43010753,34.48275862,31.33110864,3.151649981,2.150537634,1.149425287,1.001112347,2.076381164,1.668520578,1.668520578,5.413422321,35.81195139,33.12795409,2.683997299,31.98008103,9.824442944,5.114787306,4.709655638,14.34841323,7.258609048,0.084402431,0.422012154,0.422012154,36.51149201,36.51149201,30.01558239,30.01558239,10.7615894,5.502532139,5.259057265,16.37125049,6.340085703,65.46854942,65.46854942,6.546854942,4.236200257,2.310654685,9.242618742,9.242618742,16.3029525,2.43902439,52.68414482,12.98377029,39.70037453,24.59425718,24.59425718,3.995006242,10.2372035,1.248439451,0.998751561,0.998751561,6.242197253,6.242197253,19789,6645,563,85,4024,2332,2487,1850,1532,56,45,146,24,14968,5131,333,2791,2152,1557,1372,1608,24,2124,669,230,322,180,262,133,328,2697,911,551,845,85,31,27,56,45,146,11848,3925,318,3789,606,558,1700,860,651,127,82,10,50,0,10268,3749,3082,565,540,1681,651,779,510,33,18,72,127,19,801,104,318,197,82,10,8,50,59.907238
8/2016,14.95401839,20.59176329,28.82846861,19.19232307,8.036785286,4.278288685,0.079968013,2.678928429,0,1.359456218,67,2501,374,515,721,480,201,107,2,67,0,34,1299,302,387,337,109,44,18,1,67,34,1202,371,384,183,128,63,72,1,0,0,39.17021381,36.06340819,2.764323108,0.342482509,30.09442732,17.87758697,12.21684035,12.97519448,12.97519448,16.6886834,9.790107148,6.898576251,0.225059934,0.176133862,0.176133862,0.582220265,0.088066931,40.0504243,37.67679252,2.37363178,29.36908129,15.4716517,13.89742959,18.37412373,10.4292215,7.944902226,12.09568319,12.09568319,0.110687492,40.66298342,30.77348066,9.889502762,28.95027624,15.85635359,13.09392265,18.95027625,12.48618785,6.464088398,11.43646409,11.43646409,35.95268272,35.95268272,20.19433883,20.19433883,31.98141107,29.02408112,2.957329954,3.379805661,3.33755809,0.042247571,1.943388255,1.520912548,1.520912548,5.027460921,40.95084609,37.58259468,3.36825141,28.92022562,9.653505238,5.511684126,4.141821112,13.32796132,6.406124093,0.112812248,0.322320709,0.322320709,40.45372051,40.45372051,28.77495463,28.77495463,10.0907441,5.789473684,4.301270417,14.96370236,5.716878403,51.96078431,51.96078431,14.31372549,6.470588235,7.843137255,14.70588235,14.70588235,18.03921569,0.980392157,62.38636364,14.88636364,47.5,17.38636364,17.38636364,4.318181818,8.295454545,1.590909091,1.477272727,1.477272727,4.545454545,4.545454545,20439,7371,565,70,3654,2497,2652,2001,1410,46,36,119,18,16262,6127,386,2516,2260,1696,1292,1967,18,1810,557,179,287,237,226,117,207,2367,851,478,687,70,79,1,46,36,119,12410,4664,418,3589,684,514,1654,795,630,92,73,14,40,0,11020,4458,3171,638,474,1649,630,510,265,33,40,75,92,5,880,131,418,153,73,14,13,40,54.483807
7/2016,15.39553033,16.88542036,24.90244768,26.17949628,7.201135154,4.079460802,0.212841433,3.263568641,0,1.880099326,92,2819,434,476,702,738,203,115,6,92,0,53,1538,372,340,329,267,52,29,4,92,53,1281,471,373,174,136,63,62,2,0,0,37.92751404,34.41665249,3.176223697,0.334637854,31.88134536,18.06477228,13.81657308,10.65169304,10.65169304,18.50150303,9.812262492,8.689240542,0.221201293,0.175826669,0.175826669,0.578526459,0.062390108,37.60738374,34.87397941,2.733404331,32.43876464,16.56372027,15.87504437,20.81647143,11.08981186,9.726659567,9.059282925,9.059282925,0.078097267,44.51073986,34.06921241,10.44152745,27.86396181,15.93078759,11.93317422,17.00477327,8.054892601,8.949880668,10.62052506,10.62052506,31.28342246,31.28342246,22.67379679,22.67379679,34.43850267,31.28342246,3.155080214,2.406417112,1.764705882,0.64171123,2.085561497,1.657754011,1.657754011,5.454545455,40.21423384,36.88271605,3.331517792,26.27995643,9.731299927,4.956427015,4.774872912,16.00399419,7.071532317,0.108932462,0.308641975,0.308641975,39.74057808,39.74057808,26.07496681,26.07496681,10.3564498,5.116944132,5.239505668,17.93483812,5.893167194,38.92944039,38.92944039,10.2189781,7.055961071,3.163017032,14.84184915,14.84184915,34.30656934,1.703163017,58.72235873,13.63636364,45.08599509,22.35872236,22.35872236,3.808353808,7.493857494,1.474201474,1.965601966,1.965601966,4.176904177,4.176904177,17631,6068,560,59,3185,2436,1878,1730,1532,39,31,102,11,14085,4912,385,2333,2236,1562,1370,1276,11,1676,571,175,267,200,135,150,178,1870,585,424,585,59,33,12,39,31,102,11016,4063,367,2895,546,526,1763,779,577,141,61,12,34,0,9791,3891,2553,501,513,1756,577,411,160,29,13,61,141,7,814,111,367,182,61,12,16,34,48.385471
6/2016,18.05907173,17.42616034,25.52742616,23.92405063,7.932489451,4.725738397,0.126582279,1.603375527,0,0.675105485,38,2370,428,413,605,567,188,112,3,38,0,16,1146,364,295,244,123,42,21,3,38,16,1224,444,361,167,118,70,64,0,0,0,38.89650294,35.36849551,3.227375216,0.300632212,28.33016491,16.91056192,11.41960299,10.02696848,10.02696848,21.75162474,11.85286706,9.898757682,0.194526725,0.154737168,0.154737168,0.512843185,0.132631858,39.10864117,36.64051433,2.468126839,27.64519996,14.93407432,12.71112564,24.62678435,13.43031492,11.19646943,8.455922415,8.455922415,0.163452109,43.84920635,30.10912698,13.74007937,26.24007936,13.83928571,12.40079365,17.50992064,8.978174603,8.531746032,12.40079365,12.40079365,35.79368608,35.79368608,20.72032014,20.72032014,32.72565585,29.70208982,3.023566029,2.089817697,1.556247221,0.533570476,1.956425078,1.556247221,1.556247221,5.157847932,41.15127634,37.26229227,3.888984067,23.76220661,11.06732911,5.987664896,5.079664211,15.41887956,7.915024842,0.128490663,0.334075724,0.334075724,40.0965717,40.0965717,23.83389667,23.83389667,11.54997586,6.248189281,5.301786577,17.19942057,7.3201352,34.33179724,34.33179724,20.04608295,9.907834101,10.13824885,17.74193548,17.74193548,23.50230415,4.377880184,64.97175141,13.67231638,51.29943503,17.74011299,17.74011299,2.937853107,7.231638418,1.694915254,1.016949153,1.016949153,4.406779661,4.406779661,22619,8000,730,68,3825,2583,2268,2681,2239,44,35,116,30,18354,6725,453,2741,2333,2465,2055,1552,30,2016,607,277,279,250,181,172,250,2249,805,466,668,68,35,12,44,35,116,11674,4350,454,2774,699,593,1800,924,758,102,64,15,39,0,10355,4152,2468,647,549,1781,758,434,149,43,44,77,102,19,885,121,454,157,64,15,9,39,48.830658
5/2016,16.39624253,18.06148591,29.16310845,21.39197267,7.984628523,4.739538856,0.128095645,2.049530316,0,0.085397096,48,2342,384,423,683,501,187,111,3,48,0,2,1228,319,315,333,143,40,26,2,48,2,1114,358,350,161,108,71,65,1,0,0,43.05199561,39.35371659,3.336689857,0.361589162,27.35261809,15.64902966,11.70358843,11.41980959,11.41980959,17.09538631,9.932259246,7.16312706,0.238008056,0.187660198,0.187660198,0.613328451,0.041193702,43.17814233,40.50369686,2.674445471,28.50046211,14.94339187,13.55707024,18.20124769,10.2530037,7.948243993,10.06816081,10.06816081,0.051987061,45.85824082,34.50042699,11.35781383,21.00768574,12.04099061,8.966695132,21.64816396,14.43210931,7.216054654,11.48590948,11.48590948,25.06836828,25.06836828,22.01458523,22.01458523,39.06107566,35.4603464,3.600729262,3.509571559,2.597994531,0.911577028,2.370100273,1.868732908,1.868732908,6.107566089,39.42836204,36.74422866,2.684133382,23.06705753,10.47086845,6.027849029,4.443019421,17.78123855,8.455478197,0.091608648,0.42139978,0.42139978,39.00050994,39.00050994,23.45741968,23.45741968,10.88220296,6.353901071,4.528301887,19.53085161,7.129015808,25.78475336,25.78475336,15.24663677,6.053811659,9.192825112,19.95515695,19.95515695,33.1838565,5.829596413,58.79699249,14.73684211,44.06015038,15.4887218,15.4887218,4.661654135,11.42857143,1.503759398,1.203007519,1.203007519,6.917293233,6.917293233,21848,8598,729,79,3419,2557,2495,2170,1565,52,41,134,9,17312,7012,463,2587,2347,1775,1376,1743,9,2342,808,266,282,210,338,169,269,2194,550,483,778,79,57,20,52,41,134,10916,4011,293,2518,658,485,1941,923,699,148,76,10,46,0,9805,3824,2300,623,444,1915,699,446,115,27,41,89,148,26,665,98,293,103,76,10,8,46,48.190716
4/2016,11.2745098,19.03594771,30.47385621,23.3251634,7.39379085,5.637254902,0.408496732,2.410130719,0,0.040849673,59,2448,276,466,746,571,181,138,10,59,0,1,1297,224,362,404,158,62,26,1,59,1,1151,413,342,155,104,76,52,9,0,0,40.64025266,36.97483013,3.301751364,0.363671165,28.4524835,16.43697962,12.01550388,12.98210355,12.98210355,16.83414681,10.29285099,6.541295818,0.239257345,0.191405876,0.191405876,0.626854244,0.033496028,41.12908074,38.22521493,2.903865809,29.27914387,15.25882282,14.02032105,18.16870077,10.9902002,7.178500571,11.3809896,11.3809896,0.042085012,42.0460358,31.45780051,10.58823529,21.73913043,12.5831202,9.15601023,21.58567775,13.35038363,8.235294118,14.62915601,14.62915601,28.18181818,28.18181818,23.11688312,23.11688312,35.93073593,32.64069264,3.29004329,3.203463204,2.683982684,0.51948052,2.164502165,1.731601732,1.731601732,5.670995671,36.54050229,34.13512557,2.405376724,23.13406438,10.39087372,5.571276972,4.819596746,22.97488504,6.199151044,0.079589671,0.389105058,0.389105058,36.35556433,36.35556433,22.49408051,22.49408051,10.68468824,5.712312549,4.972375691,25.47355959,4.99210734,41.66666667,41.66666667,16.86046512,8.914728682,7.945736434,15.11627907,15.11627907,23.25581395,3.100775194,56.25,14.78658537,41.46341463,18.44512195,18.44512195,5.030487805,11.43292683,1.37195122,0.762195122,0.762195122,6.707317073,6.707317073,20898,7727,690,76,3435,2511,2713,2151,1367,50,40,131,7,16633,6358,483,2538,2332,1828,1194,1893,7,1955,615,207,246,179,261,161,286,2310,651,534,754,76,62,12,50,40,131,11308,3860,272,2616,630,545,2598,701,506,120,75,9,44,0,10136,3685,2280,579,504,2582,506,516,215,46,41,78,120,16,656,97,272,121,75,9,5,44,44.165073
3/2016,14.06919275,17.69357496,33.57495881,21.61449753,6.65568369,4.382207578,0.230642504,1.614497529,0.032948929,0.131795717,49,3035,427,537,1019,656,202,133,7,49,1,4,1650,381,369,629,125,61,30,2,49,4,1385,531,390,172,168,72,46,5,1,0,44.35871909,41.40534262,2.671312427,0.282064045,26.60942426,16.2228306,10.38659366,12.20756595,12.20756595,15.99469056,7.238261158,8.756429401,0.18666003,0.145180023,0.145180023,0.481168077,0.016592003,45.10831586,42.73734651,2.370969352,26.22042528,14.60517121,11.61525407,16.90126785,7.327543177,9.573724668,11.75002496,11.75002496,0.019966058,48.09399477,39.2689295,8.825065274,22.29765013,13.05483029,9.242819843,18.32898172,9.347258486,8.981723238,11.27937337,11.27937337,34.04353868,34.04353868,17.27651691,17.27651691,34.08985642,30.94025012,3.149606299,5.511811024,4.53913849,0.972672534,2.084298286,1.621120889,1.621120889,5.372857805,36.53479686,33.72970501,2.805091852,20.81713545,9.329979419,4.939400869,4.39057855,21.38882537,11.37281805,0.099092919,0.297278756,0.297278756,35.59265162,35.59265162,20.28353326,20.28353326,9.55456757,5.075077594,4.479489976,23.4124654,11.15678215,38.35616438,38.35616438,15.98173516,6.392694064,9.589041096,19.17808219,19.17808219,23.05936073,3.424657534,61.31578947,12.89473684,48.42105263,19.07894737,19.07894737,2.763157895,8.026315789,1.710526316,1.973684211,1.973684211,5.131578947,5.131578947,24108,9982,644,68,3911,2504,2943,1745,2111,45,35,116,4,20034,8562,475,2926,2327,1468,1918,2354,4,1915,752,169,250,177,179,172,216,2159,735,373,668,68,98,21,45,35,116,13119,4425,368,2731,648,576,2806,1492,1330,101,61,13,39,0,11921,4243,2418,605,534,2791,1330,438,168,28,42,84,101,15,760,98,368,145,61,13,15,39,47.098232
2/2016,10.10498688,21.82852143,30.35870516,22.04724409,8.880139983,5.118110236,0.087489064,1.399825022,0.043744532,0.131233596,32,2286,231,499,694,504,203,117,2,32,1,3,1176,199,382,355,134,51,20,0,32,3,1110,370,339,183,117,66,32,2,1,0,42.43840488,39.40563881,2.768605537,0.264160528,27.91973584,16.2001524,11.71958344,10.61722123,10.61722123,18.26263652,11.17602235,7.086614173,0.172720345,0.137160274,0.137160274,0.452120904,0,43.19727891,40.86041824,2.33686067,27.56991686,13.90778534,13.66213152,19.79087931,11.89216427,7.898715042,9.441924918,9.441924918,0,50.16146394,40.79655544,9.364908504,17.38428418,9.956942949,7.427341227,22.55113024,15.17761033,7.373519914,9.903121636,9.903121636,40.79958995,40.79958995,20.86109687,20.86109687,28.90825218,26.24295233,2.665299846,1.742696053,1.537672988,0.205023065,1.742696053,1.383905689,1.383905689,4.561763198,42.03741832,39.7099633,2.327455017,24.73368544,8.665294065,4.090949781,4.574344284,16.06839137,7.904395309,0.071614001,0.268552502,0.268552502,42.1673607,42.1673607,24.49930597,24.49930597,8.645647432,4.06504065,4.580606782,17.65814,7.029545905,34.57556936,34.57556936,17.80538303,7.660455487,10.14492754,19.66873706,19.66873706,25.05175983,2.898550725,57.80730897,14.6179402,43.18936877,20.7641196,20.7641196,4.651162791,8.803986711,1.328903654,1.661129568,1.661129568,4.983388704,4.983388704,19685,7757,545,52,3189,2307,2090,2200,1395,34,27,89,0,15876,6487,371,2208,2169,1888,1254,1499,0,1858,758,174,185,138,282,137,184,1951,796,407,512,52,30,4,34,27,89,11171,4436,260,2763,457,511,1795,883,709,121,53,8,30,0,10086,4253,2471,410,462,1781,709,483,167,37,49,95,121,14,602,88,260,125,53,8,10,30,49.430588
1/2016,12.58581236,21.54843631,27.23112128,22.95957285,8.23798627,5.30129672,0.114416476,1.945080092,0.076277651,0,51,2622,330,565,714,602,216,139,3,51,2,0,1397,277,412,308,239,62,48,0,51,0,1225,363,406,168,153,77,53,3,2,0,45.34673885,42.28409384,2.675947409,0.386697603,22.8564063,11.12657902,11.72982728,17.05078629,17.05078629,13.61691158,6.800721836,6.81618974,0.252642434,0.201082753,0.201082753,0.65480794,0.020623872,45.57025519,43.35695028,2.213304909,23.86356511,10.54611574,13.31744937,14.20778732,6.802934353,7.404852969,16.33331243,16.33331243,0.025079942,46.00515464,35.30927835,10.69587629,18.75,9.020618557,9.729381443,21.90721649,13.7242268,8.182989691,13.33762887,13.33762887,17.74023231,17.74023231,26.13516367,26.13516367,42.9250264,38.96515312,3.959873284,1.847940866,1.10876452,0.739176346,2.587117212,2.059134108,2.059134108,6.705385428,42.83246977,40.92248298,1.909986793,21.4568729,9.174032307,4.317789292,4.856243015,18.39886214,7.396119069,0.060957025,0.447018186,0.447018186,43.00932091,43.00932091,21.51575677,21.51575677,9.365290724,4.316466933,5.048823791,19.98446516,6.125166445,27.47875354,27.47875354,15.58073654,9.065155807,6.515580737,23.79603399,23.79603399,30.31161473,2.83286119,53.55648535,14.22594142,39.33054393,15.89958159,15.89958159,4.811715481,14.43514644,1.255230126,0.836820084,0.836820084,9.205020921,9.205020921,19395,8201,519,75,2158,2275,3307,1319,1322,49,39,127,4,15949,6915,353,1682,2124,1085,1181,2605,4,1552,548,166,140,151,213,127,207,1894,336,495,738,75,21,14,49,39,127,9843,4028,188,2112,425,478,1811,728,552,107,69,6,44,0,9012,3876,1939,389,455,1801,552,353,97,32,23,84,107,10,478,68,188,76,69,6,4,44,52.746399
12/2015,13.72956909,19.28677563,25.58692422,23.74442793,6.924219911,8.766716196,0.118870728,1.723625557,0.059435364,0.059435364,58,3365,462,649,861,799,233,295,4,58,2,2,1709,409,438,350,307,111,35,0,58,1,1656,492,511,198,211,184,53,4,2,1,35.30484729,31.48989017,3.151317577,0.663639539,27.35281561,17.16536655,10.18744906,10.56389956,10.56389956,25.90522762,15.83032561,10.07490201,0.260022509,0.14359452,0.14359452,0.457950091,0.011642799,35.72907139,32.95624127,2.772830116,26.1782121,14.5332884,11.6449237,27.6512781,16.33851634,11.31276176,10.42699658,10.42699658,0.014441824,41.03996562,30.89815213,10.14181349,20.92823377,12.07563386,8.852599914,29.48001719,20.41254835,9.067468844,8.551783412,8.551783412,42.1072366,42.1072366,13.38582677,13.38582677,26.99662542,20.58492688,6.411698538,9.186351706,7.874015748,1.312335958,2.512185977,1.387326584,1.387326584,4.424446944,33.61786515,30.66908088,2.948784273,18.56354544,13.51957234,7.363338507,6.156233833,21.53819624,10.86394206,0.448353164,0.638041042,0.638041042,32.43663203,32.43663203,18.75303486,18.75303486,14.26629115,7.769253181,6.497037972,24.10410799,10.43993396,20.46632124,20.46632124,22.53886011,10.88082902,11.65803109,22.79792746,22.79792746,30.05181347,4.14507772,51.47540984,14.09836066,37.37704918,15.6284153,15.6284153,10.27322404,7.540983607,5.683060109,1.31147541,1.31147541,8.087431694,8.087431694,25767,8114,812,171,4423,2625,2722,4079,2596,67,37,118,3,20773,6846,576,3019,2419,3394,2350,2166,3,2327,719,236,281,206,475,211,199,2667,1123,357,549,171,210,35,67,37,118,11598,3557,342,2153,854,714,2498,1260,1075,116,69,52,74,0,10297,3340,1931,800,669,2482,1075,386,79,42,45,88,116,16,915,129,342,143,69,52,12,74,56.816425
11/2015,14.54956653,21.07048624,26.38522427,24.76441764,6.973237844,4.673954014,0.188465888,1.319261214,0,0.075386355,35,2653,386,559,700,657,185,124,5,35,0,2,1257,312,368,282,175,67,13,3,35,2,1396,482,418,172,191,57,74,2,0,0,47.47453129,44.30699426,2.581114631,0.586422395,24.53985104,15.68358873,8.856262306,8.436777673,8.436777673,18.77407757,11.37317011,7.400907457,0.231144594,0.128413663,0.128413663,0.406643267,0.008560911,49.93751301,47.94834409,1.989168923,23.58362842,13.91376797,9.669860446,19.07415122,11.41428869,7.659862529,7.394292856,7.394292856,0.010414497,41.94280526,31.91103041,10.03177485,22.96867908,13.34543804,9.623241035,26.55469814,16.3413527,10.21334544,8.533817522,8.533817522,35.70332481,35.70332481,18.56777494,18.56777494,29.51406649,22.50639386,7.007672634,7.05882353,5.37084399,1.68797954,2.762148338,1.534526854,1.534526854,4.859335038,46.10789798,43.51000284,2.597895136,16.82943017,11.46297525,6.561107424,4.90186783,15.62529629,8.30567934,0.398217503,0.559400778,0.559400778,46.1312336,46.1312336,17.0183727,17.0183727,11.92650919,6.855643045,5.070866142,17.19685039,7.727034121,13.89830508,13.89830508,22.71186441,11.18644068,11.52542373,31.18644068,31.18644068,28.81355932,3.389830508,51.85694636,14.16781293,37.68913343,15.54332875,15.54332875,10.31636864,7.565337001,5.777166437,0.825309491,0.825309491,8.115543329,8.115543329,23362,10351,603,137,3664,2069,1971,2657,1729,54,30,95,2,19204,9208,382,2672,1857,2192,1471,1420,2,2203,703,221,294,212,360,225,188,1955,698,363,440,137,105,33,54,30,95,10547,4589,274,1775,692,517,1648,876,736,85,55,42,59,0,9525,4394,1621,653,483,1638,736,295,41,33,34,92,85,10,727,103,274,113,55,42,6,59,53.768734
10/2015,14.10939691,20.84151473,27.20897616,22.52454418,8.190743338,5.946704067,0.028050491,1.065918654,0,0.084151473,38,3565,503,743,970,803,292,212,1,38,0,3,1788,395,542,375,309,106,20,0,38,3,1777,494,595,272,201,106,108,1,0,0,41.86675544,38.7915609,2.542549207,0.532645333,26.9069119,16.78248928,10.12442262,13.15800424,13.15800424,17.35258625,11.48932629,5.863259956,0.208064583,0.116516167,0.116516167,0.370354958,0.020806458,43.75259659,41.71686747,2.035729123,26.66181969,15.17449107,11.48732862,18.36830079,12.03261321,6.335687578,11.19131699,11.19131699,0.025965933,41.57814871,33.27010622,8.308042489,19.53717754,11.15326252,8.383915023,20.97875569,15.02276176,5.95599393,17.90591806,17.90591806,38.19541842,38.19541842,25.0116877,25.0116877,25.24544179,19.26133707,5.984104722,3.740065451,2.244039271,1.49602618,2.337540907,1.309022908,1.309022908,4.160822814,42.96173045,40.82362729,2.138103161,22.80366057,10.18302829,5.673876872,4.509151414,14.61730449,8.069883527,0.324459235,0.457570716,0.457570716,43.2429941,43.2429941,22.39122419,22.39122419,10.56415929,5.807522124,4.756637168,16.12278761,7.678834808,42.01680672,42.01680672,13.02521008,7.56302521,5.462184874,25.21008403,25.21008403,18.06722689,1.680672269,50.71839081,13.79310345,36.92528736,16.09195402,16.09195402,10.05747126,7.327586207,5.603448276,2.298850575,2.298850575,7.902298851,7.902298851,24031,9322,611,128,4033,2433,3162,2761,1409,50,28,89,5,19256,8033,392,2922,2212,2317,1220,2155,5,2636,877,219,294,221,396,157,472,2139,817,535,412,128,48,32,50,28,89,12020,4907,257,2741,682,542,1757,970,833,86,51,39,55,0,10848,4691,2429,630,516,1749,833,476,200,36,26,120,86,8,696,96,257,112,51,39,16,55,50.238113
9/2015,14.38454886,18.76621505,24.96396656,26.98183915,8.071490343,5.015854713,0.115307005,1.556644566,0.028826751,0.115307005,54,3469,499,651,866,936,280,174,4,54,1,4,1542,399,458,328,188,80,31,0,54,4,1927,748,538,249,193,94,100,4,1,0,39.66212028,36.66305022,2.537972722,0.461097334,29.26611904,17.33570986,11.93040918,11.98853069,11.98853069,18.46326721,10.57036578,7.892901426,0.182114073,0.100743955,0.100743955,0.321605704,0.01549907,40.04194871,38.25436171,1.787586996,29.56430546,16.15978644,13.40451902,19.45848032,10.83039375,8.628086567,10.91619792,10.91619792,0.019067595,45.83620096,36.20096352,9.63523744,23.09015829,13.90227116,9.18788713,19.75223675,13.28286304,6.46937371,11.32140399,11.32140399,35.34303534,35.34303534,24.68814969,24.68814969,26.1954262,20.01039501,6.185031185,5.665280665,3.638253638,2.027027027,2.442827443,1.351351351,1.351351351,4.313929314,41.19196875,39.02062324,2.171345507,27.13727628,13.17343509,6.668483692,6.504951395,8.712637413,8.37648769,0.336149723,0.472426638,0.472426638,43.9763568,43.9763568,22.42880172,22.42880172,14.75550779,7.3293928,7.426114992,10.29554003,8.543793659,74.30754537,74.30754537,7.258834766,4.871060172,2.387774594,10.79274117,10.79274117,7.545367717,0.095510984,50.22900764,13.74045802,36.48854962,18.6259542,18.6259542,10.07633588,7.328244275,5.648854962,0.152671756,0.152671756,7.938931298,7.938931298,25808,9462,655,119,4474,3079,3094,2728,2037,47,26,83,4,20978,8025,375,3390,2812,2272,1810,2290,4,2906,1052,280,404,267,386,188,329,1924,680,475,385,119,70,39,47,26,83,11007,4295,239,2987,734,716,959,922,795,79,48,37,52,0,9305,4092,2087,682,691,958,795,1047,778,51,25,113,79,1,655,90,239,122,48,37,1,52,57.114742
8/2015,12.68588771,20.60698027,29.37784522,20.6676783,9.226100152,5.432473445,0.091047041,1.24430956,0.091047041,0.57663126,41,3295,418,679,968,681,304,179,3,41,3,19,1530,332,430,458,128,89,33,1,41,18,1765,553,510,271,249,90,86,2,3,1,37.50047441,34.98045467,2.068389692,0.451630043,31.05620706,18.47508444,12.58112262,12.36100042,12.36100042,18.43333713,10.88845877,7.544878364,0.178374891,0.098675472,0.098675472,0.315002467,0.056928157,39.4472476,37.60170917,1.845538434,30.15591618,16.35528888,13.8006273,19.38269922,11.36415292,8.018546298,10.94595209,10.94595209,0.068184917,33.0652791,26.49006623,6.575212867,28.24030274,15.04257332,13.19772942,20.24597919,13.7653737,6.480605487,18.44843898,18.44843898,42.57602862,42.57602862,20.52772809,20.52772809,22.54025045,17.21824687,5.322003578,7.379248658,3.488372093,3.890876565,2.1019678,1.162790698,1.162790698,3.711985689,39.02896996,36.89198856,2.136981402,29.50643777,13.23319027,7.868383405,5.364806867,8.699928469,8.145565093,0.330829757,0.464949929,0.464949929,39.04413943,39.04413943,30.21625358,30.21625358,13.45906981,8.018169251,5.440900563,9.588229486,7.692307692,36.40776699,36.40776699,22.81553398,10.9223301,11.89320388,19.90291262,19.90291262,20.38834951,0.485436893,51.00775194,13.95348837,37.05426357,13.95348837,13.95348837,10.23255814,7.441860465,5.736434109,3.565891473,3.565891473,8.062015504,8.062015504,26349,9217,545,119,4868,3315,3257,2869,1988,47,26,83,15,21999,8272,406,3598,3036,2500,1764,2408,15,2114,560,139,318,279,291,137,390,2236,952,459,385,119,78,87,47,26,83,11184,4126,239,3300,880,600,973,911,779,84,48,37,52,0,10127,3954,3060,812,551,971,779,412,150,45,49,82,84,2,645,90,239,90,48,37,23,52,57.957371
7/2015,11.44435675,20.02104709,30.51828466,20.73138648,9.102867666,6.419363325,0.078926598,1.104972376,0,0.578795054,42,3801,435,761,1160,788,346,244,3,42,0,22,1669,321,493,542,146,98,24,2,42,1,2132,642,618,322,268,146,114,1,0,21,39.37397621,36.98810626,1.912256962,0.473612991,28.50224343,16.35211167,12.15013176,13.31457873,13.31457873,18.20739264,11.23851578,6.968876861,0.167366997,0.092585998,0.092585998,0.295562994,0.046292999,40.47965116,38.9620383,1.517612859,28.04805062,14.90253078,13.14551984,18.82694939,11.35430917,7.472640219,12.58977428,12.58977428,0.055574555,34.79496549,27.40560292,7.389362566,27.93341454,14.25091352,13.68250102,22.53349574,16.88997158,5.643524158,14.73812424,14.73812424,33.90211046,33.90211046,19.35339021,19.35339021,32.82442748,26.85226762,5.972159856,6.915132466,3.771890436,3.14324203,2.110462506,1.167489897,1.167489897,3.726986978,36.23492396,33.72662122,2.508302744,30.58031813,12.66386995,7.210277923,5.453592029,11.40534872,7.760880965,0.32337004,0.454466002,0.454466002,35.74695864,35.74695864,31.04622871,31.04622871,13.30413625,7.630170316,5.673965937,12.64233577,7.260340633,45.20833333,45.20833333,13.95833333,5.416666667,8.541666667,20,20,19.58333333,1.25,54.87627365,13.10043668,41.77583697,13.3915575,13.3915575,9.6069869,6.986899563,5.38573508,2.183406114,2.183406114,7.569141194,7.569141194,28082,10387,537,133,4592,3412,3739,3156,1957,47,26,83,13,23392,9114,355,3486,3075,2656,1748,2945,13,2463,675,182,351,337,416,139,363,2227,755,431,598,133,84,70,47,26,83,11442,3859,287,3499,825,624,1305,888,746,94,48,37,52,0,10275,3673,3190,784,583,1299,746,480,217,26,41,96,94,6,687,90,287,92,48,37,15,52,57.167515
6/2015,11.62472648,20.81509847,26.96936543,21.5536105,10.36652079,7.631291028,0.136761488,0.765864333,0.027352298,0.10940919,28,3656,425,761,986,788,379,279,5,28,1,4,1543,318,516,398,172,58,49,0,28,4,2113,616,588,330,245,221,107,5,1,0,38.1461914,35.32401525,2.665017053,0.157159099,26.89092489,16.11716712,10.77375777,13.68621681,13.68621681,20.72493814,12.79676319,7.928174948,0.150471477,0.083595265,0.083595265,0.267504849,0.050157159,39.11535126,37.00228653,2.113064732,26.29109832,14.720492,11.57060632,21.3711267,12.91492549,8.456201214,13.16328944,13.16328944,0.059134274,38.05714285,28.11428571,9.942857143,22.32380952,11.39047619,10.93333333,25.86666666,18.13333333,7.733333333,13.75238095,13.75238095,41.09660574,41.09660574,20.52219321,20.52219321,25.4308094,22.97650131,2.454308094,5.117493472,3.916449086,1.201044386,2.349869452,1.305483029,1.305483029,4.177545692,39.20948617,36.73254282,2.476943347,28.73956961,9.969257795,4.628897672,5.340360123,12.92050944,7.861220905,0.307422047,0.439174352,0.439174352,39.41275002,39.41275002,28.74174796,28.74174796,10.06995763,4.54231944,5.527638191,14.41521332,7.360331067,45.99627561,45.99627561,19.18063315,10.4283054,8.752327747,14.33891993,14.33891993,18.99441341,1.489757914,55.36480687,15.02145923,40.34334764,15.45064378,15.45064378,9.012875536,6.580829757,5.007153076,1.430615165,1.430615165,7.153075823,7.153075823,29906,10564,797,47,4820,3222,4093,3827,2371,45,25,80,15,25366,9386,536,3734,2935,3276,2145,3339,15,2625,738,261,299,287,476,203,361,1915,787,393,440,47,75,23,45,25,80,11385,4182,282,3272,527,608,1471,895,747,102,46,35,50,0,10149,4000,2917,461,561,1463,747,537,247,56,47,77,102,8,699,105,282,108,46,35,10,50,53.41341
5/2015,11.48231331,23.04884896,26.75463223,21.30825379,8.815272319,7.467714767,0.084222347,0.84222347,0.056148231,0.140370578,30,3562,409,821,953,759,314,266,3,30,2,5,1660,309,607,460,156,57,35,1,30,5,1902,603,493,279,214,209,100,2,2,0,38.239159,35.79655252,2.338254619,0.104351859,28.37597588,15.96583443,12.41014145,12.08549123,12.08549123,20.74669552,13.41887609,7.327819433,0.162325114,0.088892324,0.088892324,0.286001391,0.015459535,40.19808426,38.37998698,1.818097275,28.08053567,14.62382591,13.45670976,20.53845439,13.01497257,7.523481819,11.16432623,11.16432623,0.018599461,32.7540612,24.6694371,8.084624103,26.48281072,14.50698904,11.97582168,26.6339252,17.07593502,9.557990178,14.12920287,14.12920287,34.97966299,34.97966299,20.45322487,20.45322487,22.19639745,20.62754213,1.568855317,14.29401511,12.8413713,1.452643812,2.440441604,1.336432307,1.336432307,4.299825683,44.65435356,42.60686016,2.047493404,20.87598945,12.11609499,6.585751979,5.530343008,13.31926121,7.577836412,0.34828496,0.485488127,0.485488127,46.1083625,46.1083625,20.21238084,20.21238084,11.57234222,6.262821286,5.309520936,15.12006758,6.986846869,28.54812398,28.54812398,28.87438825,15.17128874,13.70309951,25.28548124,25.28548124,15.82381729,1.468189233,44.34782608,10.60869565,33.73913043,22.26086957,22.26086957,10.26086957,7.304347826,5.739130435,2.086956522,2.086956522,8,8,25874,9262,605,27,4131,3211,3127,3472,1896,42,23,74,4,21506,8254,391,3145,2894,2799,1618,2401,4,2647,653,214,384,317,452,253,374,1721,602,352,355,27,221,25,42,23,74,9475,4037,194,1978,624,524,1262,718,579,97,42,33,46,0,8287,3821,1675,519,440,1253,579,613,175,93,84,155,97,9,575,61,194,128,42,33,12,46,60.445076
4/2015,13.85632702,19.98797716,27.5623685,21.97174632,8.626390141,6.492335437,0.240456868,1.021941689,0.030057109,0.21039976,34,3327,461,665,917,731,287,216,8,34,1,7,1547,374,460,447,128,61,34,2,34,7,1780,603,470,253,205,155,87,6,1,0,34.20359282,31.87225549,2.231536926,0.099800399,31.48902196,18.27944112,13.20958084,13.30139721,13.30139721,20.4510978,12.69061876,7.760479042,0.159680639,0.087824351,0.087824351,0.283433134,0.023952096,34.44829099,32.61494953,1.83334146,31.19606027,16.66097811,14.53508216,21.74167439,13.22346287,8.518211517,12.5847189,12.5847189,0.029255449,35.3256705,28.31417625,7.011494253,27.62452107,15.05747126,12.56704981,23.83141763,17.16475096,6.666666667,13.2183908,13.2183908,39.82392543,39.82392543,21.02537545,21.02537545,30.08803729,28.79337131,1.294665976,2.17503884,0.983946142,1.191092698,2.071465562,1.139306059,1.139306059,3.676851372,41.93677873,39.54841947,2.388359257,23.58253889,11.09884596,5.178123432,5.920722529,13.96889112,8.098344205,0.311088811,0.441545409,0.441545409,41.83685243,41.83685243,23.2491058,23.2491058,11.27264336,5.538248529,5.734394831,15.96861659,7.672781816,39.61538462,39.61538462,23.65384615,5.769230769,17.88461538,15.57692308,15.57692308,19.61538462,1.538461538,60.66838046,30.07712082,30.59125964,16.58097686,16.58097686,7.197943445,5.141388175,3.984575835,0.771208226,0.771208226,5.655526992,5.655526992,25050,7984,559,25,4579,3309,3332,3179,1944,40,22,71,6,20509,6689,376,3417,2981,2712,1747,2581,6,2610,739,183,393,328,448,174,345,1931,769,406,556,25,19,23,40,22,71,9965,3941,238,2350,516,590,1392,807,665,102,40,31,44,0,8667,3626,2015,480,497,1384,665,520,206,30,93,81,102,8,778,234,238,129,40,31,6,44,62.394051
3/2015,8.768554151,19.2413414,24.84881803,29.38427708,8.768554151,7.806487081,0.247388675,0.714678395,0.082462892,0.137438153,26,3638,319,700,904,1069,319,284,9,26,3,5,1461,242,446,450,216,56,16,4,26,5,2177,853,454,303,254,228,77,5,3,0,34.71792431,32.29389828,2.416091407,0.007934619,28.39403317,16.21042609,12.18360708,15.00833135,15.00833135,21.18939935,13.34206141,7.847337935,0.206300087,0.115051972,0.115051972,0.364992462,0.003967309,34.82160171,32.84855536,1.973046345,27.84564669,14.31064572,13.53500097,22.43067675,13.93251891,8.498157844,14.89722707,14.89722707,0.00484778,40.97222222,33.95833333,7.013888889,24.82638889,15.13888889,9.6875,23.50694444,15.97222222,7.534722222,10.69444444,10.69444444,41.10718492,41.10718492,23.67491166,23.67491166,22.85041225,22.73262662,0.11778563,2.179034158,1.707891637,0.471142521,3.062426384,1.707891637,1.707891637,5.418138987,37.83973347,36.13010696,1.709626512,25.04822023,8.828686657,4.1995441,4.629142557,14.51867438,12.27424163,0.350692618,0.499736981,0.499736981,37.78384173,37.78384173,25.18273073,25.18273073,8.761329305,4.141896501,4.619432804,16.01208459,12.26001364,36.18538324,36.18538324,17.4688057,7.843137255,9.625668449,28.16399287,28.16399287,15.86452763,2.317290553,48.11643836,14.7260274,33.39041096,11.98630137,11.98630137,12.5,9.075342466,6.849315068,1.712328767,1.712328767,9.760273973,9.760273973,25206,8140,609,2,4086,3071,3783,3363,1978,52,29,92,1,20628,6776,407,2952,2792,2874,1753,3073,1,2880,978,202,436,279,460,217,308,1698,698,402,386,2,29,8,52,29,92,11406,4121,195,2857,479,528,1656,1400,1258,89,53,40,57,0,10261,3877,2584,425,474,1643,1258,561,203,44,54,158,89,13,584,86,195,70,53,40,10,57,66.316055
2/2015,12.18922652,17.67955801,22.79005525,27.55524862,11.74033149,6.35359116,0.414364641,0.794198895,0.069060773,0.414364641,23,2896,353,512,660,798,340,184,12,23,2,12,1061,299,255,240,154,57,21,0,23,12,1835,644,420,319,257,127,54,12,2,0,39.07627001,36.82923453,2.219351267,0.027684215,29.61749642,17.40875744,12.20873898,11.74272136,11.74272136,18.81142435,12.60554607,6.205878282,0.226087759,0.124578969,0.124578969,0.396807087,0.004614036,41.16161616,39.29292929,1.868686869,28.98428732,15.12345679,13.86083053,19.17508418,12.40740741,6.767676768,10.67340067,10.67340067,0.005611672,37.24914341,30.00489476,7.244248654,25.40381791,16.78903573,8.614782183,24.27802251,18.89378365,5.384238864,13.06901615,13.06901615,40.60773481,40.60773481,20.77348066,20.77348066,20.6077348,20.27624309,0.331491713,9.060773481,7.458563536,1.602209945,2.70718232,1.491712707,1.491712707,4.751381215,41.10619469,39.42477876,1.681415929,24.98893805,8.495575222,4.35840708,4.137168142,15.01106195,8.628318584,0.420353982,0.597345133,0.597345133,40.29285534,40.29285534,25.61221914,25.61221914,8.634183287,4.430699318,4.203483969,17.07902045,8.381721787,21.6796875,21.6796875,14.84375,6.8359375,8.0078125,49.609375,49.609375,13.0859375,0.78125,44.55445544,19.47194719,25.08250825,19.6369637,19.6369637,11.22112211,8.085808581,6.270627063,1.320132013,1.320132013,8.910891089,8.910891089,21673,7982,481,6,3773,2646,2545,2732,1345,49,27,86,1,17820,7002,333,2695,2470,2211,1206,1902,1,2043,613,148,343,176,386,110,267,1810,735,376,367,6,135,29,49,27,86,9040,3564,152,2259,394,374,1357,780,664,67,49,38,54,0,7922,3192,2029,351,333,1353,664,512,111,35,41,254,67,4,606,118,152,119,49,38,8,54,65.823433
1/2015,12.65996344,19.37842779,22.96617916,26.43967093,11.35740402,5.598720293,0.228519196,0.776965265,0.045703839,0.548446069,34,4376,554,848,1005,1157,497,245,10,34,2,24,1896,481,505,401,300,112,37,2,34,24,2480,857,604,460,343,133,73,8,2,0,43.47969783,40.79792257,2.360717658,0.321057602,26.6713881,14.88196412,11.78942398,13.43248347,13.43248347,15.58545798,9.995278565,5.590179415,0.245514636,0.136921624,0.136921624,0.434372049,0.014164306,46.50895067,44.63823174,1.870718932,25.37846083,12.49640246,12.88205837,15.6622345,9.9407126,5.721521902,12.43308582,12.43308582,0.017268175,33.99153738,25.76398684,8.227550541,28.25575929,16.07898449,12.1767748,23.93041843,15.89092619,8.039492243,13.82228491,13.82228491,38.03571429,38.03571429,23.27380952,23.27380952,24.16666667,20.11904762,4.047619048,4.226190476,3.095238095,1.130952381,3.095238095,1.726190476,1.726190476,5.476190476,41.18350919,39.14935277,2.034156423,24.48602197,9.996736647,5.482432285,4.514304362,16.06657239,6.417926683,0.435113673,0.620036985,0.620036985,41.14826801,41.14826801,25.05094091,25.05094091,10.28407048,5.705381757,4.578688721,17.59558912,5.921131487,35.51020408,35.51020408,21.63265307,8.163265306,13.46938776,21.63265306,21.63265306,17.55102041,3.673469388,49.58677686,18.67768595,30.90909091,12.23140496,12.23140496,12.0661157,8.760330579,6.611570248,1.32231405,1.32231405,9.421487603,9.421487603,21180,8641,500,68,3152,2497,2845,2117,1184,52,29,92,3,17373,7755,325,2171,2238,1727,994,2160,3,2127,548,175,342,259,338,171,294,1680,639,391,338,68,52,19,52,29,92,9193,3599,187,2251,504,415,1477,590,494,43,53,40,57,0,8343,3433,2090,476,382,1468,494,245,87,20,33,53,43,9,605,113,187,74,53,40,8,57,66.441521
12/2014,14.93761553,23.74075786,24.58410351,21.55730129,9.38077634,5.23336414,0.092421442,0.392791128,0,0.080868762,34,8656,1293,2055,2128,1866,812,453,8,34,0,7,4521,1083,1501,1027,497,253,119,1,34,6,4135,1369,1101,693,554,200,210,7,0,1,36.97635254,32.96961617,3.245386289,0.761350081,28.50326293,17.21984422,11.28341871,11.23429935,11.23429935,22.50368395,11.89390218,10.60978177,0.312258789,0.112272823,0.112272823,0.354361098,0.003508526,37.78176996,35.01860644,2.763163523,27.86688909,15.50536807,12.36152102,24.61183113,12.5283374,12.08349373,9.735232474,9.735232474,0.004277343,37.32183046,26.85671418,10.46511628,28.91972993,16.69167292,12.22805701,20.29257314,14.21605401,6.07651913,13.46586647,13.46586647,34.10663411,34.10663411,23.07692308,23.07692308,28.93772894,20.10582011,8.831908832,4.843304843,3.337403337,1.505901506,3.622303622,1.302401302,1.302401302,4.110704111,34.85831039,32.88620414,1.972106245,19.81877943,12.55218975,7.213289509,5.33890024,18.82384294,12.2412721,0.159900506,0.657368748,0.657368748,34.54636092,34.54636092,19.72083749,19.72083749,12.71186441,7.357926221,5.353938185,20.97706879,12.04386839,25.96810934,25.96810934,24.14578588,9.567198178,14.5785877,27.56264237,27.56264237,18.90660592,3.416856492,42.89340101,14.72081218,28.17258883,17.63959391,17.63959391,12.69035533,11.04060914,2.284263959,4.060913706,4.060913706,9.390862944,9.390862944,28502,9397,925,217,4908,3216,3202,3390,3024,89,32,101,1,23379,8187,646,3625,2890,2929,2825,2276,1,2666,716,279,445,326,379,162,359,2457,838,567,494,217,82,37,89,32,101,11257,3702,222,2231,812,601,2119,1378,1208,83,87,18,74,0,10030,3465,1978,738,537,2104,1208,439,114,42,64,121,83,15,788,116,222,139,87,18,32,74,65.97683
11/2014,15.70996979,22.75931521,23.91742195,22.06696878,9.378147029,5.589123867,0.125881168,0.163645519,0.062940584,0.226586103,13,7944,1248,1808,1900,1753,745,444,10,13,5,18,3907,1042,1293,833,396,246,64,3,13,17,4037,1357,1067,681,515,198,206,7,5,1,34.95390951,31.58485799,2.414486922,0.954564597,32.08553648,18.01506715,14.07046933,12.23620795,12.23620795,19.760423,10.98685134,8.773571663,0.360301343,0.135697908,0.135697908,0.435169154,0.032754668,35.79552257,34.06560517,1.729917395,31.95259188,15.95235245,16.00023943,21.59703101,11.39710284,10.19992817,10.61295343,10.61295343,0.041901113,34.61057892,25.15618492,9.454394002,31.07038734,17.15951687,13.91087047,21.07455227,15.36859642,5.705955852,13.24448147,13.24448147,34.14310954,34.14310954,23.14487633,23.14487633,29.10777385,20.09717314,9.010600707,4.814487632,3.312720848,1.501766784,3.401060071,1.280918728,1.280918728,4.107773852,39.29332164,36.73725097,2.556070668,17.69201854,13.66996617,7.016664578,6.653301591,16.50169152,10.60017542,0.200476131,0.902142589,0.902142589,39.48355453,39.48355453,17.64281593,17.64281593,13.92094634,7.140796307,6.780150029,18.84016157,10.11252164,19.50464396,19.50464396,30.03095976,11.14551084,18.88544892,27.24458204,27.24458204,19.81424149,3.405572755,42.83746556,14.73829201,28.09917355,17.3553719,17.3553719,12.53443526,11.15702479,2.203856749,3.994490358,3.994490358,9.917355372,9.917355372,21371,6750,516,204,3850,3007,2615,2348,1875,77,29,93,7,16706,5691,289,2665,2673,1904,1704,1773,7,2401,604,227,412,334,369,137,318,2264,773,524,455,204,75,34,77,29,93,7981,2932,204,1412,560,531,1317,846,701,64,81,16,72,0,6932,2737,1223,495,470,1306,701,323,63,36,61,88,64,11,726,107,204,126,81,16,29,72,62.249382
10/2014,15.21496717,18.88241854,28.05104696,21.79407756,9.713790113,5.042745633,0.198240615,0.966422996,0.037170115,0.099120307,78,8071,1228,1524,2264,1759,784,407,16,78,3,8,3938,997,1050,1044,439,207,115,1,78,7,4133,1320,1220,669,474,200,231,15,3,1,37.69871866,34.73950876,2.20288578,0.756324118,28.49799905,15.879135,12.61886405,16.35275544,16.35275544,16.69787422,10.63259537,6.065278849,0.275360722,0.106472813,0.106472813,0.359804678,0.011014429,38.58932462,37.00526507,1.58405955,27.8140886,13.83442266,13.97966594,17.63344227,10.79339143,6.840050835,15.94952796,15.94952796,0.013616558,37.68861454,29.08093278,8.607681756,29.25240054,17.00960219,12.24279835,18.9643347,15.15775034,3.806584362,14.09465021,14.09465021,34.11970293,34.11970293,23.11052862,23.11052862,29.13936217,20.13979904,8.999563128,4.805591961,3.320227173,1.485364788,3.276539974,1.26692879,1.26692879,4.281345566,41.51014275,39.58489857,1.925244177,24.18294515,10.02066116,5.296769346,4.723891811,15.36438768,7.184447784,0.15026296,0.704357626,0.704357626,42.61073254,42.61073254,23.49872232,23.49872232,10.00851789,5.132027257,4.87649063,17.30195911,6.580068143,45.88910134,45.88910134,18.73804971,10.13384321,8.604206501,20.26768642,20.26768642,13.00191205,2.103250478,42.56480218,14.59754434,27.96725784,17.46248295,17.46248295,12.82401091,10.77762619,2.182810368,3.956343793,3.956343793,10.2319236,10.2319236,27237,9462,600,206,4325,3437,4454,2896,1652,75,29,98,3,22032,8153,349,3048,3080,2378,1507,3514,3,2916,848,251,496,357,442,111,411,2289,781,529,461,206,76,34,75,29,98,10648,4215,205,2575,564,503,1636,765,618,68,79,16,75,0,9392,4002,2207,482,458,1625,618,523,240,53,45,106,68,11,733,107,205,128,79,16,29,75,65.54892
9/2014,16.59118979,19.70632633,25.23672293,22.83518595,9.372855771,5.585288871,0.27446137,0.219569096,0.041169205,0.137230685,16,7287,1209,1436,1839,1664,683,407,20,16,3,10,3598,965,977,932,416,210,67,5,16,10,3689,1248,907,616,459,197,244,15,3,0,35.52216809,33.31149957,1.932288042,0.278380481,28.99660212,16.215663,12.78093912,14.97932616,14.97932616,19.6135424,11.90076555,7.712776845,0.450321366,0.106439596,0.106439596,0.311131125,0.020469153,37.23478434,35.9896404,1.245143939,27.75176811,13.8460006,13.90576751,20.58471959,12.33688614,8.24783345,14.40382508,14.40382508,0.024902879,33.71182459,25.01957713,8.692247455,32.22396241,19.30305403,12.92090838,20.32106499,13.58653093,6.734534064,13.743148,13.743148,38.32869081,38.32869081,23.17548747,23.17548747,18.94150418,15.15320334,3.788300836,7.743732591,4.623955432,3.119777159,6.128133705,1.448467967,1.448467967,4.233983287,38.60504359,36.67385394,1.93118965,29.22096184,9.759070029,5.427955376,4.331114653,13.75269523,6.93728321,1.199962501,0.262491797,0.262491797,40.83142888,40.83142888,25.99847644,25.99847644,10.41462618,5.898356731,4.516269453,15.82326695,6.932201545,72.63626251,72.63626251,7.341490545,2.113459399,5.228031146,10.6785317,10.6785317,7.897664071,1.446051168,46.63212436,11.05354059,35.57858377,12.95336788,12.95336788,4.835924007,5.526770294,22.10708117,3.10880829,3.10880829,4.835924007,4.835924007,24427,8137,472,68,3961,3122,3659,2907,1884,110,26,76,5,20078,7226,250,2780,2792,2477,1656,2892,5,2554,639,222,493,330,347,172,351,1795,688,416,272,68,83,56,110,26,76,10667,3912,206,3117,579,462,1467,740,637,71,32,128,28,0,9189,3752,2389,542,415,1454,637,899,653,19,47,96,71,13,579,64,206,75,32,128,18,28,67.941002
8/2014,15.21252796,22.67897092,24.20302013,22.52516779,9.395973154,5.215324385,0.447427293,0.195749441,0.055928412,0.069910515,14,7152,1088,1622,1731,1611,672,373,32,14,4,5,3571,871,1116,814,467,195,86,4,14,4,3581,1144,917,586,506,178,217,28,4,1,36.4933272,33.76145254,2.346985734,0.384888926,28.21403171,15.8934025,12.32062921,14.68016567,14.68016567,20.22758649,11.58013638,8.647450111,0.100405807,0.041835753,0.041835753,0.196628038,0.046019328,37.68787894,35.80272074,1.8851582,26.84567178,13.42028838,13.4253834,21.33795282,11.85102155,9.486931268,14.07245122,14.07245122,0.056045244,33.88966156,25.03477051,8.854891052,33.65785813,19.28604543,14.3718127,22.85581827,15.15994437,7.695873899,9.596662031,9.596662031,35.34686173,35.34686173,25.48371874,25.48371874,28.07928268,23.73761208,4.341670599,7.267579047,5.427088249,1.840490798,1.132609722,0.471920717,0.471920717,2.218027371,42.21819281,39.3976025,2.820590309,26.73516672,9.69074242,5.177797925,4.512944495,13.21648031,7.31338773,0.292132568,0.261911957,0.261911957,41.46478241,41.46478241,27.28802153,27.28802153,9.510991476,4.912516824,4.598474652,14.50201884,7.234185734,31.44329897,31.44329897,24.22680412,14.43298969,9.793814433,24.48453608,24.48453608,14.94845361,4.896907216,64.04494382,19.1011236,44.94382022,15.89085072,15.89085072,4.333868379,3.691813804,4.654895666,3.210272873,3.210272873,4.173354735,4.173354735,23903,8070,561,92,3799,2945,3509,2768,2067,24,10,47,11,19627,7027,370,2634,2635,2326,1862,2762,11,2157,540,191,416,310,327,166,207,2119,749,540,503,92,115,39,24,10,47,9927,3911,280,2654,514,448,1312,726,645,58,23,29,26,0,8916,3697,2433,438,410,1293,645,388,122,56,38,95,58,19,623,119,280,99,23,29,20,26,65.836761
7/2014,14.27531837,19.09035779,26.61006671,21.7586416,10.93996361,5.627653123,1.152213463,0.375985446,0.072771377,0.097028502,31,8245,1177,1574,2194,1794,902,464,95,31,6,8,4121,977,1110,1192,492,186,123,3,31,7,4124,1302,1002,779,464,278,200,92,6,1,34.1375048,32.25352713,1.815779379,0.068198287,28.33638805,16.12889476,12.20749329,17.77417842,17.77417842,19.24896637,10.17859426,9.070372107,0.012787179,0.144921359,0.144921359,0.294105111,0.051148715,35.50258075,34.32661097,1.175969776,27.76565742,14.3564093,13.40924812,20.23625818,10.2697813,9.96647688,16.43165008,16.43165008,0.063853563,32.0977918,24.01419558,8.083596215,30.08675079,16.52208202,13.56466877,22.55520505,13.32807571,9.227129338,15.26025237,15.26025237,31.28517824,31.28517824,32.59849906,32.59849906,24.53095684,23.7804878,0.750469043,6.613508443,5.628517824,0.984990619,0.140712946,1.594746717,1.594746717,3.236397749,40.40585436,38.16108467,2.244769687,31.05863338,10.86468528,6.491873934,4.37281135,10.90958068,6.285355123,0.080811709,0.170602496,0.170602496,39.9447132,39.9447132,31.60232994,31.60232994,10.67232698,6.436963175,4.235363807,11.87678942,5.903840458,36.7816092,36.7816092,26.43678161,13.10344828,13.33333333,17.24137931,17.24137931,16.7816092,2.75862069,66.14310646,22.51308901,43.63001745,17.10296684,17.10296684,4.363001745,5.061082024,1.570680628,2.443280977,2.443280977,3.315881326,3.315881326,23461,7567,426,16,3784,2864,4170,2388,2128,3,34,69,12,18793,6451,221,2698,2520,1930,1873,3088,12,2536,609,205,419,344,338,234,387,2132,667,695,507,16,120,21,3,34,69,11137,4250,250,3459,723,487,1215,700,598,73,29,9,19,0,10129,4046,3201,652,429,1203,598,435,160,57,58,75,73,12,573,129,250,98,29,9,14,19,72.080116
