date 30 min,lst trd /lst prce
12/13/2017 15:30,70.1
12/13/2017 15:00,70.25
12/13/2017 14:30,70.18
12/13/2017 14:00,70.05
12/13/2017 13:30,70.04
12/13/2017 13:00,70.2
12/13/2017 12:30,70.31
12/13/2017 12:00,70.53
12/13/2017 11:30,70.615
12/13/2017 11:00,70.31
12/13/2017 10:30,70.38
12/13/2017 10:00,70.48
12/13/2017 9:30,70.54
12/12/2017 15:30,71.92
12/12/2017 15:00,71.82
12/12/2017 14:30,72.19
12/12/2017 14:00,71.94
12/12/2017 13:30,71.86
12/12/2017 13:00,71.77
12/12/2017 12:30,71.68
12/12/2017 12:00,71.38
12/12/2017 11:30,71.33
12/12/2017 11:00,71.26
12/12/2017 10:30,71.36
12/12/2017 10:00,71.4
12/12/2017 9:30,71.4199
12/11/2017 15:30,71.71
12/11/2017 15:00,71.515
12/11/2017 14:30,71.52
12/11/2017 14:00,71.4
12/11/2017 13:30,71.45
12/11/2017 13:00,71.52
12/11/2017 12:30,71.435
12/11/2017 12:00,71.47
12/11/2017 11:30,71.41
12/11/2017 11:00,71.44
12/11/2017 10:30,71.38
12/11/2017 10:00,71.72
12/11/2017 9:30,71.75
12/8/2017 15:30,71.97
12/8/2017 15:00,71.69
12/8/2017 14:30,71.63
12/8/2017 14:00,71.78
12/8/2017 13:30,71.865
12/8/2017 13:00,71.77
12/8/2017 12:30,71.73
12/8/2017 12:00,71.83
12/8/2017 11:30,71.68
12/8/2017 11:00,71.58
12/8/2017 10:30,71.52
12/8/2017 10:00,71.575
12/8/2017 9:30,71.44
12/7/2017 15:30,71.22
12/7/2017 15:00,71
12/7/2017 14:30,71.04
12/7/2017 14:00,71.13
12/7/2017 13:30,71.235
12/7/2017 13:00,71.45
12/7/2017 12:30,71.55
12/7/2017 12:00,71.61
12/7/2017 11:30,71.49
12/7/2017 11:00,71.39
12/7/2017 10:30,71.31
12/7/2017 10:00,71.235
12/7/2017 9:30,70.9
12/6/2017 15:30,70.12
12/6/2017 15:00,70.03
12/6/2017 14:30,70.095
12/6/2017 14:00,70.01
12/6/2017 13:30,70.18
12/6/2017 13:00,70.16
12/6/2017 12:30,70.14
12/6/2017 12:00,69.87
12/6/2017 11:30,69.91
12/6/2017 11:00,70.14
12/6/2017 10:30,70.14
12/6/2017 10:00,70
12/6/2017 9:30,69.81
12/5/2017 15:30,70.17
12/5/2017 15:00,70.4
12/5/2017 14:30,70.29
12/5/2017 14:00,70.57
12/5/2017 13:30,70.82
12/5/2017 13:00,70.82
12/5/2017 12:30,70.65
12/5/2017 12:00,70.91
12/5/2017 11:30,71.09
12/5/2017 11:00,71.18
12/5/2017 10:30,71.21
12/5/2017 10:00,71.01
12/5/2017 9:30,70.87
12/4/2017 15:30,70.27
12/4/2017 15:00,70.505
12/4/2017 14:30,70.85
12/4/2017 14:00,70.94
12/4/2017 13:30,70.95
12/4/2017 13:00,70.96
12/4/2017 12:30,71.22
12/4/2017 12:00,71.74
12/4/2017 11:30,71.51
12/4/2017 11:00,71.24
12/4/2017 10:30,71.26
12/4/2017 10:00,70.93
12/4/2017 9:30,71.06
12/1/2017 15:30,69.65
12/1/2017 15:00,69.71
12/1/2017 14:30,69.75
12/1/2017 14:00,69.65
12/1/2017 13:30,69.63
12/1/2017 13:00,69.62
12/1/2017 12:30,69.58
12/1/2017 12:00,69.18
12/1/2017 11:30,69.39
12/1/2017 11:00,68.395
12/1/2017 10:30,69.67
12/1/2017 10:00,69.51
12/1/2017 9:30,69.43
11/30/2017 15:30,70.33
11/30/2017 15:00,70.08
11/30/2017 14:30,69.95
11/30/2017 14:00,70.12
11/30/2017 13:30,69.97
11/30/2017 13:00,70.03
11/30/2017 12:30,70.11
11/30/2017 12:00,70.11
11/30/2017 11:30,69.66
11/30/2017 11:00,69.62
11/30/2017 10:30,69.605
11/30/2017 10:00,69.76
11/30/2017 9:30,69.499
11/29/2017 15:30,69.01
11/29/2017 15:00,68.84
11/29/2017 14:30,68.84
11/29/2017 14:00,68.9
11/29/2017 13:30,68.7
11/29/2017 13:00,68.7
11/29/2017 12:30,68.76
11/29/2017 12:00,68.7
11/29/2017 11:30,68.71
11/29/2017 11:00,69.28
11/29/2017 10:30,69.47
11/29/2017 10:00,69.25
11/29/2017 9:30,68.6
11/28/2017 15:30,68.55
11/28/2017 15:00,68.23
11/28/2017 14:30,68.2401
11/28/2017 14:00,67.96
11/28/2017 13:30,67.86
11/28/2017 13:00,67.89
11/28/2017 12:30,68.065
11/28/2017 12:00,67.8929
11/28/2017 11:30,67.96
11/28/2017 11:00,67.77
11/28/2017 10:30,67.57
11/28/2017 10:00,67.63
11/28/2017 9:30,67.12
11/27/2017 15:30,66.9
11/27/2017 15:00,66.86
11/27/2017 14:30,67.03
11/27/2017 14:00,66.93
11/27/2017 13:30,67.1
11/27/2017 13:00,67.02
11/27/2017 12:30,67.05
11/27/2017 12:00,67.02
11/27/2017 11:30,67.02
11/27/2017 11:00,67.04
11/27/2017 10:30,67.06
11/27/2017 10:00,66.98
11/27/2017 9:30,67.19
11/24/2017 14:00,66.94
11/24/2017 13:00,66.94
11/24/2017 12:30,66.94
11/24/2017 12:00,67.0375
11/24/2017 11:30,66.96
11/24/2017 11:00,66.8
11/24/2017 10:30,66.925
11/24/2017 10:00,67.02
11/24/2017 9:30,67.17
11/22/2017 15:30,67.87
11/22/2017 15:00,67.96
11/22/2017 14:30,68.01
11/22/2017 14:00,67.87
11/22/2017 13:30,67.98
11/22/2017 13:00,67.94
11/22/2017 12:30,68
11/22/2017 12:00,67.87
11/22/2017 11:30,67.97
11/22/2017 11:00,67.98
11/22/2017 10:30,68.125
11/22/2017 10:00,68.29
11/22/2017 9:30,68.06
11/21/2017 15:30,67.69
11/21/2017 15:00,67.78
11/21/2017 14:30,67.85
11/21/2017 14:00,67.755
11/21/2017 13:30,67.78
11/21/2017 13:00,67.865
11/21/2017 12:30,68.03
11/21/2017 12:00,67.981
11/21/2017 11:30,68.1
11/21/2017 11:00,67.91
11/21/2017 10:30,67.92
11/21/2017 10:00,68.06
11/21/2017 9:30,68.225
11/20/2017 15:30,67.7
11/20/2017 15:00,67.73
11/20/2017 14:30,67.71
11/20/2017 14:00,67.74
11/20/2017 13:30,67.79
11/20/2017 13:00,67.75
11/20/2017 12:30,67.77
11/20/2017 12:00,67.63
11/20/2017 11:30,67.62
11/20/2017 11:00,67.62
11/20/2017 10:30,67.74
11/20/2017 10:00,67.5301
11/20/2017 9:30,67.2701
11/17/2017 15:30,66.69
11/17/2017 15:00,66.76
11/17/2017 14:30,66.61
11/17/2017 14:00,66.94
11/17/2017 13:30,66.62
11/17/2017 13:00,66.82
11/17/2017 12:30,66.82
11/17/2017 12:00,66.59
11/17/2017 11:30,66.59
11/17/2017 11:00,67.21
11/17/2017 10:30,67.36
11/17/2017 10:00,67.02
11/17/2017 9:30,67.85
11/16/2017 15:30,69.7
11/16/2017 15:00,69.66
11/16/2017 14:30,69.5
11/16/2017 14:00,69.48
11/16/2017 13:30,69.36
11/16/2017 13:00,69.46
11/16/2017 12:30,69.43
11/16/2017 12:00,69.37
11/16/2017 11:30,69.33
11/16/2017 11:00,69.28
11/16/2017 10:30,69.29
11/16/2017 10:00,69.09
11/16/2017 9:30,69.26
11/15/2017 15:30,68.19
11/15/2017 15:00,68.1095
11/15/2017 14:30,68.14
11/15/2017 14:00,68.15
11/15/2017 13:30,68.1133
11/15/2017 13:00,68.13
11/15/2017 12:30,68.22
11/15/2017 12:00,68.25
11/15/2017 11:30,68.31
11/15/2017 11:00,68.34
11/15/2017 10:30,68.35
11/15/2017 10:00,67.81
11/15/2017 9:30,67.89
11/14/2017 15:30,68.66
11/14/2017 15:00,68.75
11/14/2017 14:30,68.805
11/14/2017 14:00,68.82
11/14/2017 13:30,68.8972
11/14/2017 13:00,68.56
11/14/2017 12:30,68.52
11/14/2017 12:00,68.7
11/14/2017 11:30,68.65
11/14/2017 11:00,68.64
11/14/2017 10:30,68.95
11/14/2017 10:00,68.77
11/14/2017 9:30,69
11/13/2017 15:30,69.32
11/13/2017 15:00,69.16
11/13/2017 14:30,69.24
11/13/2017 14:00,69.21
11/13/2017 13:30,69.18
11/13/2017 13:00,69.1
11/13/2017 12:30,69.13
11/13/2017 12:00,69.19
11/13/2017 11:30,69.04
11/13/2017 11:00,69.005
11/13/2017 10:30,68.98
11/13/2017 10:00,69.03
11/13/2017 9:30,68.96
11/10/2017 15:30,69.59
11/10/2017 15:00,69.5425
11/10/2017 14:30,69.59
11/10/2017 14:00,69.68
11/10/2017 13:30,69.53
11/10/2017 13:00,69.46
11/10/2017 12:30,69.38
11/10/2017 12:00,69.44
11/10/2017 11:30,69.46
11/10/2017 11:00,69.455
11/10/2017 10:30,69.575
11/10/2017 10:00,69.77
11/10/2017 9:30,69.49
11/9/2017 15:30,69.42
11/9/2017 15:00,69.265
11/9/2017 14:30,69.3625
11/9/2017 14:00,69.41
11/9/2017 13:30,69.5
11/9/2017 13:00,69.62
11/9/2017 12:30,69.41
11/9/2017 12:00,69.18
11/9/2017 11:30,69.44
11/9/2017 11:00,69.9
11/9/2017 10:30,70.01
11/9/2017 10:00,70.01
11/9/2017 9:30,70.3
11/8/2017 15:30,70.52
11/8/2017 15:00,70.47
11/8/2017 14:30,70.51
11/8/2017 14:00,70.43
11/8/2017 13:30,70.34
11/8/2017 13:00,70.42
11/8/2017 12:30,70.39
11/8/2017 12:00,70.56
11/8/2017 11:30,70.26
11/8/2017 11:00,70.17
11/8/2017 10:30,70.3
11/8/2017 10:00,70.23
11/8/2017 9:30,70.1
11/7/2017 15:30,70.48
11/7/2017 15:00,70.3
11/7/2017 14:30,70.345
11/7/2017 14:00,70.35
11/7/2017 13:30,70.42
11/7/2017 13:00,70.59
11/7/2017 12:30,70.5
11/7/2017 12:00,70.63
11/7/2017 11:30,70.58
11/7/2017 11:00,70.72
11/7/2017 10:30,70.1
11/7/2017 10:00,70.25
11/7/2017 9:30,70.61
11/6/2017 15:30,70.61
11/6/2017 15:00,70.715
11/6/2017 14:30,70.745
11/6/2017 14:00,70.78
11/6/2017 13:30,70.75
11/6/2017 13:00,70.81
11/6/2017 12:30,70.8
11/6/2017 12:00,70.66
11/6/2017 11:30,70.73
11/6/2017 11:00,70.87
11/6/2017 10:30,70.73
11/6/2017 10:00,70.85
11/6/2017 9:30,71
11/3/2017 15:30,71.32
11/3/2017 15:00,71.35
11/3/2017 14:30,71.52
11/3/2017 14:00,71.53
11/3/2017 13:30,71.4
11/3/2017 13:00,71.55
11/3/2017 12:30,71.23
11/3/2017 12:00,71.275
11/3/2017 11:30,70.875
11/3/2017 11:00,70.91
11/3/2017 10:30,70.98
11/3/2017 10:00,71.51
11/3/2017 9:30,71.63
11/2/2017 15:30,71.96
11/2/2017 15:00,72.01
11/2/2017 14:30,72.025
11/2/2017 14:00,71.41
11/2/2017 13:30,71.3501
11/2/2017 13:00,71.28
11/2/2017 12:30,71.431
11/2/2017 12:00,71.405
11/2/2017 11:30,71.2
11/2/2017 11:00,71.05
11/2/2017 10:30,71.1
11/2/2017 10:00,70.76
11/2/2017 9:30,70.8
11/1/2017 15:30,70.98
11/1/2017 15:00,70.96
11/1/2017 14:30,70.93
11/1/2017 14:00,71.07
11/1/2017 13:30,70.73
11/1/2017 13:00,70.66
11/1/2017 12:30,71.035
11/1/2017 12:00,71.12
11/1/2017 11:30,71.105
11/1/2017 11:00,71.02
11/1/2017 10:30,71.25
11/1/2017 10:00,71.18
11/1/2017 9:30,72.07
10/31/2017 15:30,71.73
10/31/2017 15:00,71.91
10/31/2017 14:30,72.14
10/31/2017 14:00,72.07
10/31/2017 13:30,72
10/31/2017 13:00,72.12
10/31/2017 12:30,71.68
10/31/2017 12:00,71.8
10/31/2017 11:30,71.965
10/31/2017 11:00,71.385
10/31/2017 10:30,71.45
10/31/2017 10:00,71.15
10/31/2017 9:30,70.82
10/30/2017 15:30,70.45
10/30/2017 15:00,70.18
10/30/2017 14:30,70.23
10/30/2017 14:00,70.27
10/30/2017 13:30,70.25
10/30/2017 13:00,70.36
10/30/2017 12:30,70.38
10/30/2017 12:00,70.42
10/30/2017 11:30,70.54
10/30/2017 11:00,70.72
10/30/2017 10:30,70.67
10/30/2017 10:00,70.68
10/30/2017 9:30,70.94
10/27/2017 15:30,71.86
10/27/2017 15:00,71.81
10/27/2017 14:30,71.6
10/27/2017 14:00,71.51
10/27/2017 13:30,71.125
10/27/2017 13:00,71.4001
10/27/2017 12:30,71.635
10/27/2017 12:00,71.51
10/27/2017 11:30,71.555
10/27/2017 11:00,71.64
10/27/2017 10:30,71.78
10/27/2017 10:00,71.66
10/27/2017 9:30,71.47
10/26/2017 15:30,72.08
10/26/2017 15:00,72.36
10/26/2017 14:30,72.045
10/26/2017 14:00,71.8608
10/26/2017 13:30,71.7
10/26/2017 13:00,71.655
10/26/2017 12:30,71.55
10/26/2017 12:00,71.62
10/26/2017 11:30,71.68
10/26/2017 11:00,71.17
10/26/2017 10:30,70.95
10/26/2017 10:00,70.91
10/26/2017 9:30,70.69
10/25/2017 15:30,70.23
10/25/2017 15:00,70.49
10/25/2017 14:30,70.515
10/25/2017 14:00,70.85
10/25/2017 13:30,70.53
10/25/2017 13:00,70.04
10/25/2017 12:30,70.08
10/25/2017 12:00,69.72
10/25/2017 11:30,69.79
10/25/2017 11:00,70.01
10/25/2017 10:30,70.35
10/25/2017 10:00,70.65
10/25/2017 9:30,70.29
10/24/2017 15:30,70.38
10/24/2017 15:00,69.6667
10/24/2017 14:30,69.13
10/24/2017 14:00,69.67
10/24/2017 13:30,69.965
10/24/2017 13:00,70.54
10/24/2017 12:30,70.28
10/24/2017 12:00,72.935
10/24/2017 11:30,72.96
10/24/2017 11:00,72.81
10/24/2017 10:30,73.315
10/24/2017 10:00,72.96
10/24/2017 9:30,72.9
10/23/2017 15:30,74.65
10/23/2017 15:00,75.14
10/23/2017 14:30,75.27
10/23/2017 14:00,75.51
10/23/2017 13:30,75.37
10/23/2017 13:00,75.28
10/23/2017 12:30,75.2
10/23/2017 12:00,75.39
10/23/2017 11:30,75.49
10/23/2017 11:00,75.66
10/23/2017 10:30,75.17
10/23/2017 10:00,74.86
10/23/2017 9:30,74.98
10/20/2017 15:30,74.92
10/20/2017 15:00,74.88
10/20/2017 14:30,74.85
10/20/2017 14:00,74.8699
10/20/2017 13:30,74.84
10/20/2017 13:00,75.0074
10/20/2017 12:30,74.74
10/20/2017 12:00,74.72
10/20/2017 11:30,74.49
10/20/2017 11:00,74.36
10/20/2017 10:30,74.52
10/20/2017 10:00,74.5
10/20/2017 9:30,74.6
10/19/2017 15:30,73.77
10/19/2017 15:00,73.42
10/19/2017 14:30,73.31
10/19/2017 14:00,73.31
10/19/2017 13:30,73.17
10/19/2017 13:00,72.9391
10/19/2017 12:30,72.68
10/19/2017 12:00,72.67
10/19/2017 11:30,72.6
10/19/2017 11:00,72.55
10/19/2017 10:30,72.68
10/19/2017 10:00,72.66
10/19/2017 9:30,72.42
10/18/2017 15:30,72.6
10/18/2017 15:00,72.79
10/18/2017 14:30,72.75
10/18/2017 14:00,72.69
10/18/2017 13:30,72.69
10/18/2017 13:00,72.65
10/18/2017 12:30,72.6
10/18/2017 12:00,72.66
10/18/2017 11:30,72.53
10/18/2017 11:00,72.53
10/18/2017 10:30,72.68
10/18/2017 10:00,72.53
10/18/2017 9:30,72.69
10/17/2017 15:30,72.7
10/17/2017 15:00,72.7
10/17/2017 14:30,72.69
10/17/2017 14:00,72.87
10/17/2017 13:30,72.61
10/17/2017 13:00,72.7
10/17/2017 12:30,72.705
10/17/2017 12:00,72.7
10/17/2017 11:30,72.69
10/17/2017 11:00,72.885
10/17/2017 10:30,72.705
10/17/2017 10:00,72.68
10/17/2017 9:30,72.66
10/16/2017 15:30,72.71
10/16/2017 15:00,72.72
10/16/2017 14:30,72.75
10/16/2017 14:00,72.7
10/16/2017 13:30,72.65
10/16/2017 13:00,72.7
10/16/2017 12:30,72.63
10/16/2017 12:00,72.555
10/16/2017 11:30,72.66
10/16/2017 11:00,72.65
10/16/2017 10:30,72.49
10/16/2017 10:00,72.63
10/16/2017 9:30,72.72
10/13/2017 15:30,72.69
10/13/2017 15:00,72.7
10/13/2017 14:30,72.67
10/13/2017 14:00,72.71
10/13/2017 13:30,72.745
10/13/2017 13:00,72.76
10/13/2017 12:30,72.67
10/13/2017 12:00,72.66
10/13/2017 11:30,72.63
10/13/2017 11:00,72.69
10/13/2017 10:30,72.72
10/13/2017 10:00,72.98
10/13/2017 9:30,72.95
10/12/2017 15:30,72.93
10/12/2017 15:00,72.9
10/12/2017 14:30,72.9597
10/12/2017 14:00,72.915
10/12/2017 13:30,72.79
10/12/2017 13:00,72.74
10/12/2017 12:30,72.8
10/12/2017 12:00,72.78
10/12/2017 11:30,73.03
10/12/2017 11:00,73.141
10/12/2017 10:30,72.89
10/12/2017 10:00,72.8
10/12/2017 9:30,72.92
10/11/2017 15:30,72.86
10/11/2017 15:00,72.75
10/11/2017 14:30,72.66
10/11/2017 14:00,72.81
10/11/2017 13:30,72.8
10/11/2017 13:00,72.87
10/11/2017 12:30,72.985
10/11/2017 12:00,72.96
10/11/2017 11:30,72.89
10/11/2017 11:00,73.1357
10/11/2017 10:30,73.09
10/11/2017 10:00,73.2
10/11/2017 9:30,73.17
10/10/2017 15:30,73.42
10/10/2017 15:00,73.4
10/10/2017 14:30,73.49
10/10/2017 14:00,73.46
10/10/2017 13:30,73.4
10/10/2017 13:00,73.31
10/10/2017 12:30,73.37
10/10/2017 12:00,73.33
10/10/2017 11:30,73.3292
10/10/2017 11:00,73.4
10/10/2017 10:30,73.4
10/10/2017 10:00,73.39
10/10/2017 9:30,73.28
10/9/2017 15:30,73.29
10/9/2017 15:00,73.185
10/9/2017 14:30,73.13
10/9/2017 14:00,73.39
10/9/2017 13:30,73.4
10/9/2017 13:00,73.3958
10/9/2017 12:30,73.36
10/9/2017 12:00,73.5
10/9/2017 11:30,73.5
10/9/2017 11:00,73.44
10/9/2017 10:30,73.59
10/9/2017 10:00,73.555
10/9/2017 9:30,73.01
10/6/2017 15:30,73.28
10/6/2017 15:00,73.33
10/6/2017 14:30,73.33
10/6/2017 14:00,73.3771
10/6/2017 13:30,73.33
10/6/2017 13:00,73.15
10/6/2017 12:30,73.23
10/6/2017 12:00,73.06
10/6/2017 11:30,72.95
10/6/2017 11:00,73.63
10/6/2017 10:30,73.71
10/6/2017 10:00,73.97
10/6/2017 9:30,73.45
10/5/2017 15:30,74.73
10/5/2017 15:00,74.66
10/5/2017 14:30,74.73
10/5/2017 14:00,74.54
10/5/2017 13:30,74.52
10/5/2017 13:00,74.68
10/5/2017 12:30,74.53
10/5/2017 12:00,74.4
10/5/2017 11:30,74.19
10/5/2017 11:00,74.11
10/5/2017 10:30,74.01
10/5/2017 10:00,74.13
10/5/2017 9:30,74.4
10/4/2017 15:30,74.36
10/4/2017 15:00,74.34
10/4/2017 14:30,74.44
10/4/2017 14:00,74.23
10/4/2017 13:30,74.2361
10/4/2017 13:00,74.25
10/4/2017 12:30,73.91
10/4/2017 12:00,74
10/4/2017 11:30,74.23
10/4/2017 11:00,74.159
10/4/2017 10:30,73.75
10/4/2017 10:00,73.88
10/4/2017 9:30,73.84
10/3/2017 15:30,73.76
10/3/2017 15:00,73.51
10/3/2017 14:30,73.47
10/3/2017 14:00,73.48
10/3/2017 13:30,73.42
10/3/2017 13:00,73.39
10/3/2017 12:30,73.4236
10/3/2017 12:00,73.47
10/3/2017 11:30,73.54
10/3/2017 11:00,73.5
10/3/2017 10:30,73.77
10/3/2017 10:00,73.72
10/3/2017 9:30,73.52
10/2/2017 15:30,72.92
10/2/2017 15:00,72.76
10/2/2017 14:30,72.755
10/2/2017 14:00,72.86
10/2/2017 13:30,72.74
10/2/2017 13:00,72.71
10/2/2017 12:30,72.69
10/2/2017 12:00,72.67
10/2/2017 11:30,72.56
10/2/2017 11:00,72.47
10/2/2017 10:30,72.41
10/2/2017 10:00,72.45
10/2/2017 9:30,72.41
9/29/2017 15:30,72.34
9/29/2017 15:00,72.47
9/29/2017 14:30,72.51
9/29/2017 14:00,72.6314
9/29/2017 13:30,72.68
9/29/2017 13:00,72.695
9/29/2017 12:30,72.84
9/29/2017 12:00,72.98
9/29/2017 11:30,72.84
9/29/2017 11:00,72.88
9/29/2017 10:30,72.84
9/29/2017 10:00,72.72
9/29/2017 9:30,72.4
9/28/2017 15:30,72.37
9/28/2017 15:00,72.405
9/28/2017 14:30,72.525
9/28/2017 14:00,72.49
9/28/2017 13:30,72.4
9/28/2017 13:00,72.43
9/28/2017 12:30,72.45
9/28/2017 12:00,72.43
9/28/2017 11:30,72.37
9/28/2017 11:00,72.35
9/28/2017 10:30,72.43
9/28/2017 10:00,72.28
9/28/2017 9:30,72.34
9/27/2017 15:30,72.69
9/27/2017 15:00,73.08
9/27/2017 14:30,73.02
9/27/2017 14:00,73.23
9/27/2017 13:30,72.965
9/27/2017 13:00,72.68
9/27/2017 12:30,72.48
9/27/2017 12:00,72.3
9/27/2017 11:30,72.32
9/27/2017 11:00,72.26
9/27/2017 10:30,72.28
9/27/2017 10:00,72.36
9/27/2017 9:30,72.32
9/26/2017 15:30,71.88
9/26/2017 15:00,72.115
9/26/2017 14:30,72.085
9/26/2017 14:00,72.19
9/26/2017 13:30,72.35
9/26/2017 13:00,72.17
9/26/2017 12:30,72.21
9/26/2017 12:00,72.15
9/26/2017 11:30,72.09
9/26/2017 11:00,72.135
9/26/2017 10:30,72.28
9/26/2017 10:00,72.08
9/26/2017 9:30,72.175
9/25/2017 15:30,72.05
9/25/2017 15:00,72.075
9/25/2017 14:30,72.18
9/25/2017 14:00,71.83
9/25/2017 13:30,71.71
9/25/2017 13:00,71.65
9/25/2017 12:30,71.635
9/25/2017 12:00,71.46
9/25/2017 11:30,71.58
9/25/2017 11:00,71.65
9/25/2017 10:30,71.56
9/25/2017 10:00,71.67
9/25/2017 9:30,71.44
9/22/2017 15:30,71.42
9/22/2017 15:00,71.4661
9/22/2017 14:30,71.45
9/22/2017 14:00,71.2979
9/22/2017 13:30,71.225
9/22/2017 13:00,71.18
9/22/2017 12:30,71.31
9/22/2017 12:00,71.31
9/22/2017 11:30,71.255
9/22/2017 11:00,71.17
9/22/2017 10:30,71.2
9/22/2017 10:00,70.99
9/22/2017 9:30,70.77
9/21/2017 15:30,70.71
9/21/2017 15:00,70.73
9/21/2017 14:30,70.79
9/21/2017 14:00,70.94
9/21/2017 13:30,70.94
9/21/2017 13:00,70.965
9/21/2017 12:30,71.02
9/21/2017 12:00,71.02
9/21/2017 11:30,71.05
9/21/2017 11:00,70.98
9/21/2017 10:30,71.18
9/21/2017 10:00,71.26
9/21/2017 9:30,71.05
9/20/2017 15:30,70.84
9/20/2017 15:00,70.87
9/20/2017 14:30,70.84
9/20/2017 14:00,70.73
9/20/2017 13:30,70.96
9/20/2017 13:00,71.03
9/20/2017 12:30,71.23
9/20/2017 12:00,71.1588
9/20/2017 11:30,70.95
9/20/2017 11:00,71
9/20/2017 10:30,70.9
9/20/2017 10:00,70.925
9/20/2017 9:30,71.03
9/19/2017 15:30,70.9
9/19/2017 15:00,70.99
9/19/2017 14:30,70.94
9/19/2017 14:00,70.8704
9/19/2017 13:30,70.98
9/19/2017 13:00,70.8914
9/19/2017 12:30,70.96
9/19/2017 12:00,70.86
9/19/2017 11:30,70.84
9/19/2017 11:00,70.83
9/19/2017 10:30,70.9
9/19/2017 10:00,70.92
9/19/2017 9:30,70.81
9/18/2017 15:30,70.86
9/18/2017 15:00,70.8
9/18/2017 14:30,70.76
9/18/2017 14:00,70.78
9/18/2017 13:30,70.8277
9/18/2017 13:00,70.835
9/18/2017 12:30,70.8
9/18/2017 12:00,70.91
9/18/2017 11:30,70.9
9/18/2017 11:00,71.09
9/18/2017 10:30,71.2
9/18/2017 10:00,71.005
9/18/2017 9:30,70.9
9/15/2017 15:30,69.92
9/15/2017 15:00,69.91
9/15/2017 14:30,69.94
9/15/2017 14:00,69.84
9/15/2017 13:30,69.74
9/15/2017 13:00,69.72
9/15/2017 12:30,69.5988
9/15/2017 12:00,69.47
9/15/2017 11:30,69.51
9/15/2017 11:00,69.57
9/15/2017 10:30,69.66
9/15/2017 10:00,69.12
9/15/2017 9:30,69.07
9/14/2017 15:30,69.22
9/14/2017 15:00,69.125
9/14/2017 14:30,69.18
9/14/2017 14:00,69.14
9/14/2017 13:30,69.17
9/14/2017 13:00,69.08
9/14/2017 12:30,69.15
9/14/2017 12:00,69.24
9/14/2017 11:30,69.26
9/14/2017 11:00,69.275
9/14/2017 10:30,69.05
9/14/2017 10:00,69.07
9/14/2017 9:30,69.29
9/13/2017 15:30,69.12
9/13/2017 15:00,69.06
9/13/2017 14:30,68.93
9/13/2017 14:00,68.89
9/13/2017 13:30,68.84
9/13/2017 13:00,68.83
9/13/2017 12:30,68.91
9/13/2017 12:00,68.81
9/13/2017 11:30,68.615
9/13/2017 11:00,68.56
9/13/2017 10:30,68.665
9/13/2017 10:00,68.67
9/13/2017 9:30,68.92
9/12/2017 15:30,68.74
9/12/2017 15:00,68.6124
9/12/2017 14:30,68.68
9/12/2017 14:00,68.52
9/12/2017 13:30,68.45
9/12/2017 13:00,68.6
9/12/2017 12:30,68.65
9/12/2017 12:00,68.615
9/12/2017 11:30,68.78
9/12/2017 11:00,68.755
9/12/2017 10:30,68.7
9/12/2017 10:00,68.61
9/12/2017 9:30,68.63
9/11/2017 15:30,67.71
9/11/2017 15:00,67.78
9/11/2017 14:30,67.74
9/11/2017 14:00,67.65
9/11/2017 13:30,67.66
9/11/2017 13:00,67.76
9/11/2017 12:30,67.785
9/11/2017 12:00,67.6538
9/11/2017 11:30,67.57
9/11/2017 11:00,67.5301
9/11/2017 10:30,67.81
9/11/2017 10:00,67.89
9/11/2017 9:30,68.02
9/8/2017 15:30,67.6
9/8/2017 15:00,67.63
9/8/2017 14:30,67.48
9/8/2017 14:00,67.675
9/8/2017 13:30,67.78
9/8/2017 13:00,67.63
9/8/2017 12:30,67.63
9/8/2017 12:00,67.4538
9/8/2017 11:30,67.28
9/8/2017 11:00,67.43
9/8/2017 10:30,67.23
9/8/2017 10:00,66.89
9/8/2017 9:30,66.79
9/7/2017 15:30,66.83
9/7/2017 15:00,66.87
9/7/2017 14:30,66.8325
9/7/2017 14:00,66.66
9/7/2017 13:30,66.76
9/7/2017 13:00,66.36
9/7/2017 12:30,66.62
9/7/2017 12:00,66.32
9/7/2017 11:30,66.21
9/7/2017 11:00,65.865
9/7/2017 10:30,66.01
9/7/2017 10:00,65.55
9/7/2017 9:30,65.39
9/6/2017 15:30,65.24
9/6/2017 15:00,65.3867
9/6/2017 14:30,65.38
9/6/2017 14:00,65.33
9/6/2017 13:30,65.29
9/6/2017 13:00,65.27
9/6/2017 12:30,65.465
9/6/2017 12:00,65.584
9/6/2017 11:30,65.58
9/6/2017 11:00,65.6332
9/6/2017 10:30,65.789
9/6/2017 10:00,65.9
9/6/2017 9:30,65.63
9/5/2017 15:30,65.29
9/5/2017 15:00,65.23
9/5/2017 14:30,65.2
9/5/2017 14:00,65.4
9/5/2017 13:30,65.23
9/5/2017 13:00,65.1014
9/5/2017 12:30,65.19
9/5/2017 12:00,65.4664
9/5/2017 11:30,65.69
9/5/2017 11:00,65.63
9/5/2017 10:30,65.68
9/5/2017 10:00,65.71
9/5/2017 9:30,65.46
9/1/2017 15:30,65.86
9/1/2017 15:00,66.035
9/1/2017 14:30,65.96
9/1/2017 14:00,66.02
9/1/2017 13:30,66.055
9/1/2017 13:00,66.19
9/1/2017 12:30,66.14
9/1/2017 12:00,66.13
9/1/2017 11:30,66.14
9/1/2017 11:00,66.2
9/1/2017 10:30,66.33
9/1/2017 10:00,66.47
9/1/2017 9:30,66.3
8/31/2017 15:30,66.34
8/31/2017 15:00,66.24
8/31/2017 14:30,66.33
8/31/2017 14:00,66.18
8/31/2017 13:30,66.09
8/31/2017 13:00,66.14
8/31/2017 12:30,66.27
8/31/2017 12:00,66.36
8/31/2017 11:30,66.215
8/31/2017 11:00,66.15
8/31/2017 10:30,66.2
8/31/2017 10:00,66.36
8/31/2017 9:30,66.31
8/30/2017 15:30,66.08
8/30/2017 15:00,66
8/30/2017 14:30,65.94
8/30/2017 14:00,65.91
8/30/2017 13:30,65.75
8/30/2017 13:00,65.76
8/30/2017 12:30,65.68
8/30/2017 12:00,65.55
8/30/2017 11:30,65.595
8/30/2017 11:00,65.53
8/30/2017 10:30,65.52
8/30/2017 10:00,65.35
8/30/2017 9:30,65.13
8/29/2017 15:30,65.16
8/29/2017 15:00,65.23
8/29/2017 14:30,65.13
8/29/2017 14:00,65.06
8/29/2017 13:30,65.04
8/29/2017 13:00,65.1
8/29/2017 12:30,65.02
8/29/2017 12:00,65.01
8/29/2017 11:30,64.92
8/29/2017 11:00,64.92
8/29/2017 10:30,64.84
8/29/2017 10:00,64.76
8/29/2017 9:30,64.5733
8/28/2017 15:30,64.4
8/28/2017 15:00,64.325
8/28/2017 14:30,64.3599
8/28/2017 14:00,64.18
8/28/2017 13:30,64.23
8/28/2017 13:00,64.35
8/28/2017 12:30,64.35
8/28/2017 12:00,64.35
8/28/2017 11:30,64.28
8/28/2017 11:00,64.35
8/28/2017 10:30,64.38
8/28/2017 10:00,64.35
8/28/2017 9:30,64.53
8/25/2017 15:30,64.02
8/25/2017 15:00,64.34
8/25/2017 14:30,64.23
8/25/2017 14:00,64.14
8/25/2017 13:30,63.98
8/25/2017 13:00,63.94
8/25/2017 12:30,63.945
8/25/2017 12:00,63.91
8/25/2017 11:30,63.91
8/25/2017 11:00,63.95
8/25/2017 10:30,64.16
8/25/2017 10:00,64.43
8/25/2017 9:30,64.3549
8/24/2017 15:30,63.8
8/24/2017 15:00,63.86
8/24/2017 14:30,63.92
8/24/2017 14:00,63.87
8/24/2017 13:30,63.89
8/24/2017 13:00,63.99
8/24/2017 12:30,64.04
8/24/2017 12:00,64.0992
8/24/2017 11:30,64.14
8/24/2017 11:00,64.08
8/24/2017 10:30,64.25
8/24/2017 10:00,64.14
8/24/2017 9:30,63.93
8/23/2017 15:30,64.01
8/23/2017 15:00,64.14
8/23/2017 14:30,64.14
8/23/2017 14:00,64.135
8/23/2017 13:30,64.07
8/23/2017 13:00,63.93
8/23/2017 12:30,64.06
8/23/2017 12:00,64.045
8/23/2017 11:30,64.11
8/23/2017 11:00,64.17
8/23/2017 10:30,64.14
8/23/2017 10:00,64.16
8/23/2017 9:30,64.01
8/22/2017 15:30,64.45
8/22/2017 15:00,64.38
8/22/2017 14:30,64.3
8/22/2017 14:00,64.21
8/22/2017 13:30,64.08
8/22/2017 13:00,64.1
8/22/2017 12:30,64.14
8/22/2017 12:00,64.07
8/22/2017 11:30,64.19
8/22/2017 11:00,64.125
8/22/2017 10:30,63.92
8/22/2017 10:00,63.84
8/22/2017 9:30,63.9
8/21/2017 15:30,63.25
8/21/2017 15:00,63.37
8/21/2017 14:30,63.25
8/21/2017 14:00,63.36
8/21/2017 13:30,63.26
8/21/2017 13:00,63.36
8/21/2017 12:30,63.53
8/21/2017 12:00,63.46
8/21/2017 11:30,63.24
8/21/2017 11:00,63.18
8/21/2017 10:30,63.35
8/21/2017 10:00,63.145
8/21/2017 9:30,63
8/18/2017 15:30,63
8/18/2017 15:00,63.181
8/18/2017 14:30,63.145
8/18/2017 14:00,63.08
8/18/2017 13:30,62.95
8/18/2017 13:00,63.03
8/18/2017 12:30,63.12
8/18/2017 12:00,63.06
8/18/2017 11:30,63.09
8/18/2017 11:00,63.199
8/18/2017 10:30,63.11
8/18/2017 10:00,63.07
8/18/2017 9:30,62.945
8/17/2017 15:30,63.15
8/17/2017 15:00,63.185
8/17/2017 14:30,63.36
8/17/2017 14:00,63.31
8/17/2017 13:30,63.29
8/17/2017 13:00,63.16
8/17/2017 12:30,63.28
8/17/2017 12:00,63.44
8/17/2017 11:30,63.59
8/17/2017 11:00,63.59
8/17/2017 10:30,63.57
8/17/2017 10:00,63.3452
8/17/2017 9:30,63.45
8/16/2017 15:30,64.43
8/16/2017 15:00,64.45
8/16/2017 14:30,64.471
8/16/2017 14:00,64.42
8/16/2017 13:30,64.62
8/16/2017 13:00,64.59
8/16/2017 12:30,64.6997
8/16/2017 12:00,64.82
8/16/2017 11:30,64.73
8/16/2017 11:00,64.69
8/16/2017 10:30,64.85
8/16/2017 10:00,64.82
8/16/2017 9:30,64.85
8/15/2017 15:30,64.87
8/15/2017 15:00,64.94
8/15/2017 14:30,64.93
8/15/2017 14:00,65.01
8/15/2017 13:30,64.67
8/15/2017 13:00,64.82
8/15/2017 12:30,64.87
8/15/2017 12:00,65.01
8/15/2017 11:30,64.8719
8/15/2017 11:00,65.0314
8/15/2017 10:30,65.03
8/15/2017 10:00,65.17
8/15/2017 9:30,65.44
8/14/2017 15:30,65.21
8/14/2017 15:00,65.295
8/14/2017 14:30,65.21
8/14/2017 14:00,65.25
8/14/2017 13:30,65.16
8/14/2017 13:00,65.1
8/14/2017 12:30,65.17
8/14/2017 12:00,65.25
8/14/2017 11:30,65.375
8/14/2017 11:00,65.2853
8/14/2017 10:30,65.43
8/14/2017 10:00,65.29
8/14/2017 9:30,65.29
8/11/2017 15:30,64.81
8/11/2017 15:00,64.85
8/11/2017 14:30,64.78
8/11/2017 14:00,64.9175
8/11/2017 13:30,64.985
8/11/2017 13:00,64.955
8/11/2017 12:30,64.98
8/11/2017 12:00,65.219
8/11/2017 11:30,65.16
8/11/2017 11:00,65.12
8/11/2017 10:30,65.07
8/11/2017 10:00,65.15
8/11/2017 9:30,65.4
8/10/2017 15:30,65.21
8/10/2017 15:00,65.4
8/10/2017 14:30,65.66
8/10/2017 14:00,65.49
8/10/2017 13:30,65.445
8/10/2017 13:00,65.485
8/10/2017 12:30,65.49
8/10/2017 12:00,65.51
8/10/2017 11:30,65.64
8/10/2017 11:00,65.49
8/10/2017 10:30,65.61
8/10/2017 10:00,65.7
8/10/2017 9:30,65.94
8/9/2017 15:30,67.21
8/9/2017 15:00,67.19
8/9/2017 14:30,67.28
8/9/2017 14:00,67.32
8/9/2017 13:30,67.36
8/9/2017 13:00,67.345
8/9/2017 12:30,67.52
8/9/2017 12:00,67.69
8/9/2017 11:30,67.67
8/9/2017 11:00,67.39
8/9/2017 10:30,67.44
8/9/2017 10:00,67.19
8/9/2017 9:30,67.36
8/8/2017 15:30,67.9
8/8/2017 15:00,68.045
8/8/2017 14:30,68.18
8/8/2017 14:00,68.25
8/8/2017 13:30,68.3722
8/8/2017 13:00,68.36
8/8/2017 12:30,68.46
8/8/2017 12:00,68.64
8/8/2017 11:30,68.83
8/8/2017 11:00,68.8299
8/8/2017 10:30,68.99
8/8/2017 10:00,68.94
8/8/2017 9:30,68.665
8/7/2017 15:30,68.55
8/7/2017 15:00,68.45
8/7/2017 14:30,68.39
8/7/2017 14:00,68.245
8/7/2017 13:30,68.3
8/7/2017 13:00,68.46
8/7/2017 12:30,68.5701
8/7/2017 12:00,68.6
8/7/2017 11:30,68.69
8/7/2017 11:00,68.4252
8/7/2017 10:30,68.46
8/7/2017 10:00,68.52
8/7/2017 9:30,68.67
8/4/2017 15:30,68.58
8/4/2017 15:00,68.505
8/4/2017 14:30,68.5176
8/4/2017 14:00,68.48
8/4/2017 13:30,68.58
8/4/2017 13:00,68.6
8/4/2017 12:30,68.68
8/4/2017 12:00,68.58
8/4/2017 11:30,68.63
8/4/2017 11:00,68.6508
8/4/2017 10:30,68.52
8/4/2017 10:00,68.145
8/4/2017 9:30,68.07
8/3/2017 15:30,67.61
8/3/2017 15:00,67.71
8/3/2017 14:30,67.65
8/3/2017 14:00,67.64
8/3/2017 13:30,67.615
8/3/2017 13:00,67.67
8/3/2017 12:30,67.6814
8/3/2017 12:00,67.82
8/3/2017 11:30,67.98
8/3/2017 11:00,68.03
8/3/2017 10:30,67.7
8/3/2017 10:00,67.51
8/3/2017 9:30,67.92
8/2/2017 15:30,67.44
8/2/2017 15:00,67.17
8/2/2017 14:30,67.23
8/2/2017 14:00,67.08
8/2/2017 13:30,67.1
8/2/2017 13:00,67.01
8/2/2017 12:30,66.655
8/2/2017 12:00,66.47
8/2/2017 11:30,66.58
8/2/2017 11:00,66.77
8/2/2017 10:30,66.81
8/2/2017 10:00,66.73
8/2/2017 9:30,67.12
8/1/2017 15:30,67.04
8/1/2017 15:00,66.8
8/1/2017 14:30,66.77
8/1/2017 14:00,66.61
8/1/2017 13:30,66.73
8/1/2017 13:00,66.82
8/1/2017 12:30,67.02
8/1/2017 12:00,67.39
8/1/2017 11:30,67.43
8/1/2017 11:00,67.06
8/1/2017 10:30,67.43
8/1/2017 10:00,67.84
8/1/2017 9:30,68.19
7/31/2017 15:30,68.45
7/31/2017 15:00,68.5
7/31/2017 14:30,68.53
7/31/2017 14:00,68.525
7/31/2017 13:30,68.57
7/31/2017 13:00,68.545
7/31/2017 12:30,68.5
7/31/2017 12:00,68.43
7/31/2017 11:30,68.38
7/31/2017 11:00,68.45
7/31/2017 10:30,68.27
7/31/2017 10:00,68.43
7/31/2017 9:30,68.78
7/28/2017 15:30,68.18
7/28/2017 15:00,68.24
7/28/2017 14:30,68.15
7/28/2017 14:00,68.15
7/28/2017 13:30,68.04
7/28/2017 13:00,67.92
7/28/2017 12:30,67.81
7/28/2017 12:00,67.95
7/28/2017 11:30,68.06
7/28/2017 11:00,68.085
7/28/2017 10:30,68.04
7/28/2017 10:00,68.3
7/28/2017 9:30,68.1
7/27/2017 15:30,68.16
7/27/2017 15:00,68.08
7/27/2017 14:30,68.06
7/27/2017 14:00,67.84
7/27/2017 13:30,67.765
7/27/2017 13:00,67.84
7/27/2017 12:30,68.11
7/27/2017 12:00,68.45
7/27/2017 11:30,68.5
7/27/2017 11:00,68.46
7/27/2017 10:30,68.54
7/27/2017 10:00,68.51
7/27/2017 9:30,68.35
7/26/2017 15:30,68.56
7/26/2017 15:00,68.7
7/26/2017 14:30,68.85
7/26/2017 14:00,68.975
7/26/2017 13:30,68.8
7/26/2017 13:00,68.64
7/26/2017 12:30,68.77
7/26/2017 12:00,68.82
7/26/2017 11:30,68.93
7/26/2017 11:00,68.88
7/26/2017 10:30,68.83
7/26/2017 10:00,69.165
7/26/2017 9:30,68.92
7/25/2017 15:30,68.64
7/25/2017 15:00,68.65
7/25/2017 14:30,68.98
7/25/2017 14:00,68.57
7/25/2017 13:30,68.89
7/25/2017 13:00,68.95
7/25/2017 12:30,69.2
7/25/2017 12:00,69.55
7/25/2017 11:30,67.67
7/25/2017 11:00,67.8
7/25/2017 10:30,67.33
7/25/2017 10:00,67.92
7/25/2017 9:30,67.65
7/24/2017 15:30,69.14
7/24/2017 15:00,69.1
7/24/2017 14:30,69.14
7/24/2017 14:00,69
7/24/2017 13:30,69.07
7/24/2017 13:00,68.99
7/24/2017 12:30,68.98
7/24/2017 12:00,68.91
7/24/2017 11:30,69
7/24/2017 11:00,68.8196
7/24/2017 10:30,68.76
7/24/2017 10:00,68.84
7/24/2017 9:30,68.72
7/21/2017 15:30,68.87
7/21/2017 15:00,68.69
7/21/2017 14:30,68.72
7/21/2017 14:00,68.76
7/21/2017 13:30,68.61
7/21/2017 13:00,68.63
7/21/2017 12:30,68.72
7/21/2017 12:00,68.7
7/21/2017 11:30,68.58
7/21/2017 11:00,68.5
7/21/2017 10:30,68.23
7/21/2017 10:00,68.36
7/21/2017 9:30,68.3
7/20/2017 15:30,68.55
7/20/2017 15:00,68.52
7/20/2017 14:30,68.555
7/20/2017 14:00,68.45
7/20/2017 13:30,68.56
7/20/2017 13:00,68.45
7/20/2017 12:30,68.46
7/20/2017 12:00,68.4
7/20/2017 11:30,68.32
7/20/2017 11:00,68.32
7/20/2017 10:30,68.6
7/20/2017 10:00,68.48
7/20/2017 9:30,68.66
7/19/2017 15:30,68.53
7/19/2017 15:00,68.58
7/19/2017 14:30,68.51
7/19/2017 14:00,68.55
7/19/2017 13:30,68.54
7/19/2017 13:00,68.48
7/19/2017 12:30,68.305
7/19/2017 12:00,68.34
7/19/2017 11:30,68.415
7/19/2017 11:00,68.27
7/19/2017 10:30,68.27
7/19/2017 10:00,68.24
7/19/2017 9:30,68
7/18/2017 15:30,68.45
7/18/2017 15:00,68.4775
7/18/2017 14:30,68.32
7/18/2017 14:00,68.24
7/18/2017 13:30,68.21
7/18/2017 13:00,68.1
7/18/2017 12:30,68.26
7/18/2017 12:00,68.29
7/18/2017 11:30,68.2986
7/18/2017 11:00,68.28
7/18/2017 10:30,68.285
7/18/2017 10:00,68.44
7/18/2017 9:30,68.43
7/17/2017 15:30,68.23
7/17/2017 15:00,68.335
7/17/2017 14:30,68.495
7/17/2017 14:00,68.52
7/17/2017 13:30,68.62
7/17/2017 13:00,68.6
7/17/2017 12:30,68.59
7/17/2017 12:00,68.52
7/17/2017 11:30,68.68
7/17/2017 11:00,68.585
7/17/2017 10:30,68.84
7/17/2017 10:00,68.64
7/17/2017 9:30,68.6
7/14/2017 15:30,68.65
7/14/2017 15:00,68.761
7/14/2017 14:30,68.76
7/14/2017 14:00,68.74
7/14/2017 13:30,68.56
7/14/2017 13:00,68.57
7/14/2017 12:30,68.46
7/14/2017 12:00,68.39
7/14/2017 11:30,68.43
7/14/2017 11:00,68.3
7/14/2017 10:30,68.43
7/14/2017 10:00,68.4
7/14/2017 9:30,68.41
7/13/2017 15:30,68.26
7/13/2017 15:00,68.15
7/13/2017 14:30,68.3
7/13/2017 14:00,68.38
7/13/2017 13:30,68.35
7/13/2017 13:00,68.26
7/13/2017 12:30,68.45
7/13/2017 12:00,68.589
7/13/2017 11:30,68.5
7/13/2017 11:00,68.64
7/13/2017 10:30,68.38
7/13/2017 10:00,68.31
7/13/2017 9:30,68.67
7/12/2017 15:30,68.52
7/12/2017 15:00,68.69
7/12/2017 14:30,68.61
7/12/2017 14:00,68.76
7/12/2017 13:30,68.87
7/12/2017 13:00,68.75
7/12/2017 12:30,68.705
7/12/2017 12:00,68.76
7/12/2017 11:30,68.84
7/12/2017 11:00,68.97
7/12/2017 10:30,69.04
7/12/2017 10:00,69.33
7/12/2017 9:30,69.49
7/11/2017 15:30,68.52
7/11/2017 15:00,68.61
7/11/2017 14:30,68.65
7/11/2017 14:00,68.64
7/11/2017 13:30,68.55
7/11/2017 13:00,68.44
7/11/2017 12:30,68.44
7/11/2017 12:00,68.43
7/11/2017 11:30,68.44
7/11/2017 11:00,68.16
7/11/2017 10:30,68.85
7/11/2017 10:00,68.8
7/11/2017 9:30,68.7
7/10/2017 15:30,68.48
7/10/2017 15:00,68.625
7/10/2017 14:30,68.64
7/10/2017 14:00,68.86
7/10/2017 13:30,68.73
7/10/2017 13:00,68.285
7/10/2017 12:30,68.45
7/10/2017 12:00,68.32
7/10/2017 11:30,68.45
7/10/2017 11:00,68.47
7/10/2017 10:30,68.09
7/10/2017 10:00,68.25
7/10/2017 9:30,68.13
7/7/2017 15:30,67.62
7/7/2017 15:00,67.78
7/7/2017 14:30,67.82
7/7/2017 14:00,67.75
7/7/2017 13:30,67.94
7/7/2017 13:00,67.835
7/7/2017 12:30,67.59
7/7/2017 12:00,67.6
7/7/2017 11:30,67.47
7/7/2017 11:00,67.0104
7/7/2017 10:30,66.88
7/7/2017 10:00,67.05
7/7/2017 9:30,67.34
7/6/2017 15:30,67.2
7/6/2017 15:00,67.32
7/6/2017 14:30,67.48
7/6/2017 14:00,67.39
7/6/2017 13:30,67.57
7/6/2017 13:00,67.8
7/6/2017 12:30,67.68
7/6/2017 12:00,67.52
7/6/2017 11:30,67.68
7/6/2017 11:00,67.41
7/6/2017 10:30,67.28
7/6/2017 10:00,67.79
7/6/2017 9:30,67.43
7/5/2017 15:30,66.39
7/5/2017 15:00,66.31
7/5/2017 14:30,66.2
7/5/2017 14:00,66.135
7/5/2017 13:30,65.99
7/5/2017 13:00,66.14
7/5/2017 12:30,66.28
7/5/2017 12:00,66.29
7/5/2017 11:30,66.3
7/5/2017 11:00,66.4294
7/5/2017 10:30,66.49
7/5/2017 10:00,66.43
7/5/2017 9:30,66.71
7/3/2017 14:00,67
7/3/2017 13:00,67
7/3/2017 12:30,67
7/3/2017 12:00,66.77
7/3/2017 11:30,67.2255
7/3/2017 11:00,66.79
7/3/2017 10:30,66.77
7/3/2017 10:00,66.78
7/3/2017 9:30,66.57
6/30/2017 15:30,66.04
6/30/2017 15:00,66.325
6/30/2017 14:30,66.125
6/30/2017 14:00,66.15
6/30/2017 13:30,65.99
6/30/2017 13:00,65.86
6/30/2017 12:30,65.58
6/30/2017 12:00,65.64
6/30/2017 11:30,65.685
6/30/2017 11:00,65.44
6/30/2017 10:30,65.58
6/30/2017 10:00,65.54
6/30/2017 9:30,66
6/29/2017 15:30,65.31
6/29/2017 15:00,65.39
6/29/2017 14:30,65.25
6/29/2017 14:00,65.32
6/29/2017 13:30,64.85
6/29/2017 13:00,64.71
6/29/2017 12:30,65.01
6/29/2017 12:00,65.16
6/29/2017 11:30,65.23
6/29/2017 11:00,65.34
6/29/2017 10:30,65.56
6/29/2017 10:00,65.43
6/29/2017 9:30,65.785
6/28/2017 15:30,65.36
6/28/2017 15:00,65.14
6/28/2017 14:30,64.86
6/28/2017 14:00,64.88
6/28/2017 13:30,64.9
6/28/2017 13:00,64.82
6/28/2017 12:30,64.8
6/28/2017 12:00,64.777
6/28/2017 11:30,64.69
6/28/2017 11:00,64.4
6/28/2017 10:30,64.3
6/28/2017 10:00,64.04
6/28/2017 9:30,63.81
6/27/2017 15:30,62.8
6/27/2017 15:00,63.18
6/27/2017 14:30,63.29
6/27/2017 14:00,63.185
6/27/2017 13:30,63.19
6/27/2017 13:00,63.32
6/27/2017 12:30,63.3895
6/27/2017 12:00,63.44
6/27/2017 11:30,63.43
6/27/2017 11:00,63.4064
6/27/2017 10:30,63.61
6/27/2017 10:00,63.36
6/27/2017 9:30,63.1144
6/26/2017 15:30,63.19
6/26/2017 15:00,63.14
6/26/2017 14:30,62.98
6/26/2017 14:00,62.9
6/26/2017 13:30,62.87
6/26/2017 13:00,62.78
6/26/2017 12:30,62.79
6/26/2017 12:00,62.75
6/26/2017 11:30,62.93
6/26/2017 11:00,62.91
6/26/2017 10:30,62.8
6/26/2017 10:00,63.15
6/26/2017 9:30,63.3
6/23/2017 15:30,62.51
6/23/2017 15:00,62.5833
6/23/2017 14:30,62.655
6/23/2017 14:00,62.635
6/23/2017 13:30,62.69
6/23/2017 13:00,62.63
6/23/2017 12:30,62.73
6/23/2017 12:00,62.8
6/23/2017 11:30,62.78
6/23/2017 11:00,62.74
6/23/2017 10:30,62.8
6/23/2017 10:00,62.918
6/23/2017 9:30,62.7
6/22/2017 15:30,62.73
6/22/2017 15:00,62.97
6/22/2017 14:30,63.02
6/22/2017 14:00,63.08
6/22/2017 13:30,62.87
6/22/2017 13:00,62.76
6/22/2017 12:30,62.78
6/22/2017 12:00,62.77
6/22/2017 11:30,62.85
6/22/2017 11:00,62.8
6/22/2017 10:30,62.86
6/22/2017 10:00,62.59
6/22/2017 9:30,62.54
6/21/2017 15:30,62.75
6/21/2017 15:00,62.86
6/21/2017 14:30,62.9
6/21/2017 14:00,62.78
6/21/2017 13:30,62.725
6/21/2017 13:00,62.85
6/21/2017 12:30,62.81
6/21/2017 12:00,63.2
6/21/2017 11:30,63.29
6/21/2017 11:00,63.02
6/21/2017 10:30,63.24
6/21/2017 10:00,63.22
6/21/2017 9:30,63.25
6/20/2017 15:30,63.99
6/20/2017 15:00,64.21
6/20/2017 14:30,64.27
6/20/2017 14:00,64.37
6/20/2017 13:30,64.34
6/20/2017 13:00,64.24
6/20/2017 12:30,64.32
6/20/2017 12:00,64.25
6/20/2017 11:30,64.3919
6/20/2017 11:00,64.34
6/20/2017 10:30,64.28
6/20/2017 10:00,64.25
6/20/2017 9:30,64.36
6/19/2017 15:30,65.19
6/19/2017 15:00,65.03
6/19/2017 14:30,64.84
6/19/2017 14:00,64.88
6/19/2017 13:30,65.055
6/19/2017 13:00,65.0825
6/19/2017 12:30,65.03
6/19/2017 12:00,65.035
6/19/2017 11:30,65.07
6/19/2017 11:00,64.96
6/19/2017 10:30,65.25
6/19/2017 10:00,65.32
6/19/2017 9:30,64.99
6/16/2017 15:30,65.21
6/16/2017 15:00,65.21
6/16/2017 14:30,65.14
6/16/2017 14:00,65.14
6/16/2017 13:30,65.09
6/16/2017 13:00,65
6/16/2017 12:30,64.98
6/16/2017 12:00,64.98
6/16/2017 11:30,64.94
6/16/2017 11:00,64.79
6/16/2017 10:30,64.81
6/16/2017 10:00,64.83
6/16/2017 9:30,64.76
6/15/2017 15:30,65.11
6/15/2017 15:00,65.1
6/15/2017 14:30,64.96
6/15/2017 14:00,64.77
6/15/2017 13:30,64.8454
6/15/2017 13:00,64.56
6/15/2017 12:30,64.73
6/15/2017 12:00,64.6
6/15/2017 11:30,64.62
6/15/2017 11:00,64.6
6/15/2017 10:30,64.41
6/15/2017 10:00,64.33
6/15/2017 9:30,64.91
6/14/2017 15:30,63.89
6/14/2017 15:00,63.68
6/14/2017 14:30,63.68
6/14/2017 14:00,63.83
6/14/2017 13:30,63.71
6/14/2017 13:00,63.69
6/14/2017 12:30,63.6
6/14/2017 12:00,63.62
6/14/2017 11:30,63.79
6/14/2017 11:00,63.97
6/14/2017 10:30,63.96
6/14/2017 10:00,64.05
6/14/2017 9:30,63.78
6/13/2017 15:30,64.33
6/13/2017 15:00,64.39
6/13/2017 14:30,64.39
6/13/2017 14:00,64.44
6/13/2017 13:30,64.41
6/13/2017 13:00,64.45
6/13/2017 12:30,64.57
6/13/2017 12:00,64.65
6/13/2017 11:30,64.685
6/13/2017 11:00,64.74
6/13/2017 10:30,64.75
6/13/2017 10:00,64.71
6/13/2017 9:30,64.725
6/12/2017 15:30,64.58
6/12/2017 15:00,64.585
6/12/2017 14:30,64.68
6/12/2017 14:00,64.6776
6/12/2017 13:30,64.7
6/12/2017 13:00,64.55
6/12/2017 12:30,64.45
6/12/2017 12:00,64.49
6/12/2017 11:30,64.48
6/12/2017 11:00,64.55
6/12/2017 10:30,64.785
6/12/2017 10:00,64.46
6/12/2017 9:30,64.42
6/9/2017 15:30,64.01
6/9/2017 15:00,64.04
6/9/2017 14:30,63.93
6/9/2017 14:00,64.18
6/9/2017 13:30,64.215
6/9/2017 13:00,64.43
6/9/2017 12:30,64.39
6/9/2017 12:00,64.29
6/9/2017 11:30,64.22
6/9/2017 11:00,64.36
6/9/2017 10:30,64.21
6/9/2017 10:00,64.04
6/9/2017 9:30,64.11
6/8/2017 15:30,63.97
6/8/2017 15:00,64.01
6/8/2017 14:30,63.89
6/8/2017 14:00,64
6/8/2017 13:30,64.2561
6/8/2017 13:00,64.03
6/8/2017 12:30,64.04
6/8/2017 12:00,64.03
6/8/2017 11:30,63.78
6/8/2017 11:00,63.94
6/8/2017 10:30,63.75
6/8/2017 10:00,63.72
6/8/2017 9:30,63.86
6/7/2017 15:30,63.45
6/7/2017 15:00,63.49
6/7/2017 14:30,63.48
6/7/2017 14:00,63.32
6/7/2017 13:30,63.03
6/7/2017 13:00,63
6/7/2017 12:30,63
6/7/2017 12:00,63.125
6/7/2017 11:30,63.14
6/7/2017 11:00,63.15
6/7/2017 10:30,63.32
6/7/2017 10:00,63.76
6/7/2017 9:30,63.97
6/6/2017 15:30,64.12
6/6/2017 15:00,64.33
6/6/2017 14:30,64.41
6/6/2017 14:00,64.53
6/6/2017 13:30,64.63
6/6/2017 13:00,64.74
6/6/2017 12:30,64.88
6/6/2017 12:00,65.04
6/6/2017 11:30,64.77
6/6/2017 11:00,64.5
6/6/2017 10:30,64.58
6/6/2017 10:00,64.58
6/6/2017 9:30,65.01
6/5/2017 15:30,62.32
6/5/2017 15:00,62.32
6/5/2017 14:30,62.49
6/5/2017 14:00,62.33
6/5/2017 13:30,62.35
6/5/2017 13:00,62.36
6/5/2017 12:30,62.53
6/5/2017 12:00,62.56
6/5/2017 11:30,62.42
6/5/2017 11:00,62.45
6/5/2017 10:30,62.67
6/5/2017 10:00,62.44
6/5/2017 9:30,62.41
6/2/2017 15:30,63.15
6/2/2017 15:00,63.87
6/2/2017 14:30,64.29
6/2/2017 14:00,64.3
6/2/2017 13:30,64.24
6/2/2017 13:00,64.23
6/2/2017 12:30,64.055
6/2/2017 12:00,63.93
6/2/2017 11:30,63.68
6/2/2017 11:00,63.61
6/2/2017 10:30,63.335
6/2/2017 10:00,63.14
6/2/2017 9:30,63.08
6/1/2017 15:30,63.69
6/1/2017 15:00,63.89
6/1/2017 14:30,63.83
6/1/2017 14:00,63.9
6/1/2017 13:30,63.8549
6/1/2017 13:00,63.95
6/1/2017 12:30,63.82
6/1/2017 12:00,63.81
6/1/2017 11:30,63.67
6/1/2017 11:00,63.51
6/1/2017 10:30,63.36
6/1/2017 10:00,63.57
6/1/2017 9:30,63.34
5/31/2017 15:30,62.96
5/31/2017 15:00,62.79
5/31/2017 14:30,62.63
5/31/2017 14:00,62.76
5/31/2017 13:30,62.46
5/31/2017 13:00,62.47
5/31/2017 12:30,62.28
5/31/2017 12:00,62.37
5/31/2017 11:30,62.35
5/31/2017 11:00,62.3626
5/31/2017 10:30,62.32
5/31/2017 10:00,62.2
5/31/2017 9:30,62.09
5/30/2017 15:30,62.64
5/30/2017 15:00,62.8
5/30/2017 14:30,62.9
5/30/2017 14:00,62.89
5/30/2017 13:30,62.82
5/30/2017 13:00,62.83
5/30/2017 12:30,62.82
5/30/2017 12:00,62.75
5/30/2017 11:30,62.73
5/30/2017 11:00,62.75
5/30/2017 10:30,62.65
5/30/2017 10:00,62.49
5/30/2017 9:30,62.54
5/26/2017 15:30,62.63
5/26/2017 15:00,62.53
5/26/2017 14:30,62.58
5/26/2017 14:00,62.62
5/26/2017 13:30,62.59
5/26/2017 13:00,62.62
5/26/2017 12:30,62.69
5/26/2017 12:00,62.64
5/26/2017 11:30,62.61
5/26/2017 11:00,62.78
5/26/2017 10:30,62.89
5/26/2017 10:00,62.79
5/26/2017 9:30,62.83
5/25/2017 15:30,62.69
5/25/2017 15:00,62.54
5/25/2017 14:30,62.57
5/25/2017 14:00,62.67
5/25/2017 13:30,62.71
5/25/2017 13:00,62.68
5/25/2017 12:30,62.73
5/25/2017 12:00,62.58
5/25/2017 11:30,62.57
5/25/2017 11:00,62.8
5/25/2017 10:30,62.93
5/25/2017 10:00,63.02
5/25/2017 9:30,62.94
5/24/2017 15:30,62.69
5/24/2017 15:00,62.57
5/24/2017 14:30,62.5
5/24/2017 14:00,62.45
5/24/2017 13:30,62.36
5/24/2017 13:00,62.32
5/24/2017 12:30,62.27
5/24/2017 12:00,62.45
5/24/2017 11:30,62.31
5/24/2017 11:00,62.41
5/24/2017 10:30,62.35
5/24/2017 10:00,62.62
5/24/2017 9:30,62.74
5/23/2017 15:30,62.81
5/23/2017 15:00,62.8
5/23/2017 14:30,62.84
5/23/2017 14:00,62.79
5/23/2017 13:30,62.82
5/23/2017 13:00,62.89
5/23/2017 12:30,62.73
5/23/2017 12:00,62.708
5/23/2017 11:30,62.7
5/23/2017 11:00,62.78
5/23/2017 10:30,62.65
5/23/2017 10:00,62.4959
5/23/2017 9:30,62.45
5/22/2017 15:30,62.87
5/22/2017 15:00,62.84
5/22/2017 14:30,62.795
5/22/2017 14:00,62.86
5/22/2017 13:30,62.91
5/22/2017 13:00,63.04
5/22/2017 12:30,63.04
5/22/2017 12:00,63.1075
5/22/2017 11:30,63.02
5/22/2017 11:00,62.96
5/22/2017 10:30,62.82
5/22/2017 10:00,63.105
5/22/2017 9:30,63.2
5/19/2017 15:30,62.83
5/19/2017 15:00,62.86
5/19/2017 14:30,63.16
5/19/2017 14:00,63.17
5/19/2017 13:30,63.2
5/19/2017 13:00,63.13
5/19/2017 12:30,63.17
5/19/2017 12:00,63.105
5/19/2017 11:30,62.93
5/19/2017 11:00,62.81
5/19/2017 10:30,62.84
5/19/2017 10:00,62.89
5/19/2017 9:30,62.67
5/18/2017 15:30,62.33
5/18/2017 15:00,62.505
5/18/2017 14:30,62.64
5/18/2017 14:00,62.64
5/18/2017 13:30,62.46
5/18/2017 13:00,62.285
5/18/2017 12:30,62.51
5/18/2017 12:00,62.74
5/18/2017 11:30,62.6405
5/18/2017 11:00,62.73
5/18/2017 10:30,62.55
5/18/2017 10:00,62.725
5/18/2017 9:30,62.18
5/17/2017 15:30,63.38
5/17/2017 15:00,63.52
5/17/2017 14:30,63.48
5/17/2017 14:00,63.44
5/17/2017 13:30,63.75
5/17/2017 13:00,63.79
5/17/2017 12:30,63.8
5/17/2017 12:00,63.54
5/17/2017 11:30,63.75
5/17/2017 11:00,63.54
5/17/2017 10:30,63.38
5/17/2017 10:00,63.51
5/17/2017 9:30,63.61
5/16/2017 15:30,64.44
5/16/2017 15:00,64.315
5/16/2017 14:30,64.26
5/16/2017 14:00,64.15
5/16/2017 13:30,64.13
5/16/2017 13:00,64.03
5/16/2017 12:30,64.1
5/16/2017 12:00,64.13
5/16/2017 11:30,64
5/16/2017 11:00,64.02
5/16/2017 10:30,63.83
5/16/2017 10:00,63.78
5/16/2017 9:30,63.83
5/15/2017 15:30,63.78
5/15/2017 15:00,63.75
5/15/2017 14:30,63.75
5/15/2017 14:00,63.63
5/15/2017 13:30,63.7
5/15/2017 13:00,63.695
5/15/2017 12:30,63.6
5/15/2017 12:00,63.65
5/15/2017 11:30,63.63
5/15/2017 11:00,63.675
5/15/2017 10:30,63.655
5/15/2017 10:00,63.68
5/15/2017 9:30,63.5973
5/12/2017 15:30,63.37
5/12/2017 15:00,63.29
5/12/2017 14:30,63.44
5/12/2017 14:00,63.33
5/12/2017 13:30,63.32
5/12/2017 13:00,63.36
5/12/2017 12:30,63.43
5/12/2017 12:00,63.185
5/12/2017 11:30,63.54
5/12/2017 11:00,63.61
5/12/2017 10:30,63.8
5/12/2017 10:00,63.8
5/12/2017 9:30,63.95
5/11/2017 15:30,64.37
5/11/2017 15:00,64.2025
5/11/2017 14:30,64.15
5/11/2017 14:00,64.15
5/11/2017 13:30,64.095
5/11/2017 13:00,63.88
5/11/2017 12:30,64.05
5/11/2017 12:00,64.04
5/11/2017 11:30,64.1
5/11/2017 11:00,64.1794
5/11/2017 10:30,64.61
5/11/2017 10:00,63.86
5/11/2017 9:30,63.58
5/10/2017 15:30,65.97
5/10/2017 15:00,65.995
5/10/2017 14:30,65.98
5/10/2017 14:00,65.921
5/10/2017 13:30,65.93
5/10/2017 13:00,66.1
5/10/2017 12:30,66.06
5/10/2017 12:00,66.09
5/10/2017 11:30,66.171
5/10/2017 11:00,66.01
5/10/2017 10:30,65.81
5/10/2017 10:00,65.73
5/10/2017 9:30,65.95
5/9/2017 15:30,66.29
5/9/2017 15:00,66.29
5/9/2017 14:30,66.18
5/9/2017 14:00,66.09
5/9/2017 13:30,66.21
5/9/2017 13:00,66.14
5/9/2017 12:30,66.28
5/9/2017 12:00,66.45
5/9/2017 11:30,66.44
5/9/2017 11:00,66.2
5/9/2017 10:30,66.4
5/9/2017 10:00,66.4827
5/9/2017 9:30,66.53
5/8/2017 15:30,66.27
5/8/2017 15:00,66.06
5/8/2017 14:30,65.934
5/8/2017 14:00,65.9
5/8/2017 13:30,65.96
5/8/2017 13:00,65.935
5/8/2017 12:30,66.08
5/8/2017 12:00,65.97
5/8/2017 11:30,66.07
5/8/2017 11:00,66.15
5/8/2017 10:30,66.04
5/8/2017 10:00,66.14
5/8/2017 9:30,66.23
5/5/2017 15:30,67.04
5/5/2017 15:00,66.905
5/5/2017 14:30,66.87
5/5/2017 14:00,66.85
5/5/2017 13:30,66.91
5/5/2017 13:00,66.86
5/5/2017 12:30,66.86
5/5/2017 12:00,66.79
5/5/2017 11:30,66.87
5/5/2017 11:00,66.81
5/5/2017 10:30,66.95
5/5/2017 10:00,66.88
5/5/2017 9:30,66.84
5/4/2017 15:30,66.91
5/4/2017 15:00,66.7
5/4/2017 14:30,66.77
5/4/2017 14:00,66.87
5/4/2017 13:30,66.85
5/4/2017 13:00,66.71
5/4/2017 12:30,66.79
5/4/2017 12:00,66.66
5/4/2017 11:30,66.57
5/4/2017 11:00,66.61
5/4/2017 10:30,66.65
5/4/2017 10:00,67.06
5/4/2017 9:30,67.055
5/3/2017 15:30,67.36
5/3/2017 15:00,67.42
5/3/2017 14:30,67.37
5/3/2017 14:00,67.34
5/3/2017 13:30,67.48
5/3/2017 13:00,67.4
5/3/2017 12:30,67.45
5/3/2017 12:00,67.46
5/3/2017 11:30,67.54
5/3/2017 11:00,67.47
5/3/2017 10:30,67.17
5/3/2017 10:00,67.58
5/3/2017 9:30,67.58
5/2/2017 15:30,68.06
5/2/2017 15:00,68.12
5/2/2017 14:30,67.91
5/2/2017 14:00,67.95
5/2/2017 13:30,67.73
5/2/2017 13:00,67.8
5/2/2017 12:30,67.99
5/2/2017 12:00,67.87
5/2/2017 11:30,67.72
5/2/2017 11:00,67.69
5/2/2017 10:30,67.79
5/2/2017 10:00,67.73
5/2/2017 9:30,67.25
5/1/2017 15:30,66.18
5/1/2017 15:00,66.19
5/1/2017 14:30,66.32
5/1/2017 14:00,66.38
5/1/2017 13:30,66.62
5/1/2017 13:00,66.485
5/1/2017 12:30,66.4092
5/1/2017 12:00,66.51
5/1/2017 11:30,66.68
5/1/2017 11:00,66.39
5/1/2017 10:30,66.355
5/1/2017 10:00,65.95
5/1/2017 9:30,66.315
4/28/2017 15:30,66.73
4/28/2017 15:00,66.91
4/28/2017 14:30,66.75
4/28/2017 14:00,66.67
4/28/2017 13:30,66.61
4/28/2017 13:00,66.58
4/28/2017 12:30,66.67
4/28/2017 12:00,66.57
4/28/2017 11:30,66.31
4/28/2017 11:00,66.3
4/28/2017 10:30,66.07
4/28/2017 10:00,65.93
4/28/2017 9:30,66.46
4/27/2017 15:30,66.41
4/27/2017 15:00,66.18
4/27/2017 14:30,66.1
4/27/2017 14:00,66.01
4/27/2017 13:30,65.84
4/27/2017 13:00,65.8
4/27/2017 12:30,66.02
4/27/2017 12:00,65.66
4/27/2017 11:30,65.43
4/27/2017 11:00,65.55
4/27/2017 10:30,65.53
4/27/2017 10:00,65.76
4/27/2017 9:30,65.51
4/26/2017 15:30,65.34
4/26/2017 15:00,65.57
4/26/2017 14:30,65.31
4/26/2017 14:00,65.36
4/26/2017 13:30,65.38
4/26/2017 13:00,65.59
4/26/2017 12:30,65.89
4/26/2017 12:00,65.76
4/26/2017 11:30,65.98
4/26/2017 11:00,66.13
4/26/2017 10:30,66.28
4/26/2017 10:00,66.35
4/26/2017 9:30,66.33
4/25/2017 15:30,65.76
4/25/2017 15:00,65.9
4/25/2017 14:30,65.8925
4/25/2017 14:00,65.88
4/25/2017 13:30,65.85
4/25/2017 13:00,65.95
4/25/2017 12:30,66.17
4/25/2017 12:00,66
4/25/2017 11:30,66.01
4/25/2017 11:00,66.53
4/25/2017 10:30,66.53
4/25/2017 10:00,66.69
4/25/2017 9:30,65.98
4/24/2017 15:30,67.73
4/24/2017 15:00,67.885
4/24/2017 14:30,67.78
4/24/2017 14:00,67.71
4/24/2017 13:30,67.51
4/24/2017 13:00,67.5
4/24/2017 12:30,67.38
4/24/2017 12:00,67.34
4/24/2017 11:30,67.25
4/24/2017 11:00,67.18
4/24/2017 10:30,67.37
4/24/2017 10:00,67.57
4/24/2017 9:30,67.86
4/21/2017 15:30,65.76
4/21/2017 15:00,66.1
4/21/2017 14:30,66.12
4/21/2017 14:00,66.17
4/21/2017 13:30,66.01
4/21/2017 13:00,65.81
4/21/2017 12:30,65.82
4/21/2017 12:00,65.71
4/21/2017 11:30,65.6
4/21/2017 11:00,65.61
4/21/2017 10:30,65.75
4/21/2017 10:00,65.71
4/21/2017 9:30,65.805
4/20/2017 15:30,65.88
4/20/2017 15:00,66.005
4/20/2017 14:30,65.985
4/20/2017 14:00,65.945
4/20/2017 13:30,66.0122
4/20/2017 13:00,65.9
4/20/2017 12:30,65.86
4/20/2017 12:00,65.82
4/20/2017 11:30,65.685
4/20/2017 11:00,65.56
4/20/2017 10:30,65.53
4/20/2017 10:00,65.295
4/20/2017 9:30,65.1
4/19/2017 15:30,64.56
4/19/2017 15:00,64.53
4/19/2017 14:30,64.54
4/19/2017 14:00,64.67
4/19/2017 13:30,64.55
4/19/2017 13:00,64.4
4/19/2017 12:30,64.49
4/19/2017 12:00,64.5199
4/19/2017 11:30,64.47
4/19/2017 11:00,64.58
4/19/2017 10:30,64.6
4/19/2017 10:00,64.69
4/19/2017 9:30,64.83
4/18/2017 15:30,64.2
4/18/2017 15:00,64.16
4/18/2017 14:30,64.2301
4/18/2017 14:00,64.36
4/18/2017 13:30,64.35
4/18/2017 13:00,64.3
4/18/2017 12:30,64.17
4/18/2017 12:00,64.25
4/18/2017 11:30,64.12
4/18/2017 11:00,64.56
4/18/2017 10:30,64.41
4/18/2017 10:00,64.6
4/18/2017 9:30,64.85
4/17/2017 15:30,65.34
4/17/2017 15:00,65.24
4/17/2017 14:30,64.99
4/17/2017 14:00,64.98
4/17/2017 13:30,64.95
4/17/2017 13:00,65.01
4/17/2017 12:30,64.88
4/17/2017 12:00,65.02
4/17/2017 11:30,64.88
4/17/2017 11:00,65.03
4/17/2017 10:30,64.93
4/17/2017 10:00,64.67
4/17/2017 9:30,64.78
4/13/2017 15:30,64.63
4/13/2017 15:00,64.775
4/13/2017 14:30,65.02
4/13/2017 14:00,65.14
4/13/2017 13:30,64.84
4/13/2017 13:00,65.12
4/13/2017 12:30,65.12
4/13/2017 12:00,65.18
4/13/2017 11:30,65.51
4/13/2017 11:00,65.53
4/13/2017 10:30,65.54
4/13/2017 10:00,65.35
4/13/2017 9:30,65.79
4/12/2017 15:30,65.65
4/12/2017 15:00,65.73
4/12/2017 14:30,65.95
4/12/2017 14:00,66.06
4/12/2017 13:30,66.175
4/12/2017 13:00,65.99
4/12/2017 12:30,65.86
4/12/2017 12:00,65.99
4/12/2017 11:30,65.87
4/12/2017 11:00,65.91
4/12/2017 10:30,66.18
4/12/2017 10:00,66.62
4/12/2017 9:30,66.87
4/11/2017 15:30,67.53
4/11/2017 15:00,67.25
4/11/2017 14:30,67.42
4/11/2017 14:00,67.28
4/11/2017 13:30,67.1904
4/11/2017 13:00,67.15
4/11/2017 12:30,67.17
4/11/2017 12:00,67.27
4/11/2017 11:30,66.99
4/11/2017 11:00,66.78
4/11/2017 10:30,66.8
4/11/2017 10:00,67.05
4/11/2017 9:30,67.1183
4/10/2017 15:30,67.65
4/10/2017 15:00,67.72
4/10/2017 14:30,67.82
4/10/2017 14:00,67.7
4/10/2017 13:30,67.93
4/10/2017 13:00,67.8062
4/10/2017 12:30,67.8
4/10/2017 12:00,67.38
4/10/2017 11:30,67.52
4/10/2017 11:00,67.8375
4/10/2017 10:30,67.83
4/10/2017 10:00,67.86
4/10/2017 9:30,67.705
4/7/2017 15:30,67.16
4/7/2017 15:00,67.2575
4/7/2017 14:30,67.31
4/7/2017 14:00,67.55
4/7/2017 13:30,67.63
4/7/2017 13:00,67.67
4/7/2017 12:30,67.62
4/7/2017 12:00,67.56
4/7/2017 11:30,67.4
4/7/2017 11:00,67.41
4/7/2017 10:30,67.42
4/7/2017 10:00,67.57
4/7/2017 9:30,67.27
4/6/2017 15:30,67.16
4/6/2017 15:00,67.07
4/6/2017 14:30,66.97
4/6/2017 14:00,67.19
4/6/2017 13:30,67.28
4/6/2017 13:00,67.34
4/6/2017 12:30,67.085
4/6/2017 12:00,67.15
4/6/2017 11:30,67.27
4/6/2017 11:00,67.2
4/6/2017 10:30,66.8
4/6/2017 10:00,66.84
4/6/2017 9:30,67.18
4/5/2017 15:30,66.75
4/5/2017 15:00,67.03
4/5/2017 14:30,67.43
4/5/2017 14:00,67.84
4/5/2017 13:30,67.86
4/5/2017 13:00,67.67
4/5/2017 12:30,67.32
4/5/2017 12:00,67.26
4/5/2017 11:30,67.181
4/5/2017 11:00,67.11
4/5/2017 10:30,67.47
4/5/2017 10:00,67.68
4/5/2017 9:30,67.92
4/4/2017 15:30,66.62
4/4/2017 15:00,66.47
4/4/2017 14:30,66.37
4/4/2017 14:00,66.5
4/4/2017 13:30,66.52
4/4/2017 13:00,66.51
4/4/2017 12:30,66.37
4/4/2017 12:00,66.5755
4/4/2017 11:30,66.57
4/4/2017 11:00,66.65
4/4/2017 10:30,66.44
4/4/2017 10:00,66.3
4/4/2017 9:30,66.88
4/3/2017 15:30,66.84
4/3/2017 15:00,66.65
4/3/2017 14:30,66.655
4/3/2017 14:00,66.5
4/3/2017 13:30,66.4
4/3/2017 13:00,66.46
4/3/2017 12:30,66.4
4/3/2017 12:00,66.315
4/3/2017 11:30,65.98
4/3/2017 11:00,66.17
4/3/2017 10:30,66.2
4/3/2017 10:00,66.66
4/3/2017 9:30,66.745
3/31/2017 15:30,67.2
3/31/2017 15:00,67.305
3/31/2017 14:30,67.31
3/31/2017 14:00,67.44
3/31/2017 13:30,67.46
3/31/2017 13:00,67.68
3/31/2017 12:30,67.63
3/31/2017 12:00,67.64
3/31/2017 11:30,67.48
3/31/2017 11:00,67.62
3/31/2017 10:30,67.29
3/31/2017 10:00,67.34
3/31/2017 9:30,67.22
3/30/2017 15:30,67.64
3/30/2017 15:00,67.63
3/30/2017 14:30,67.5131
3/30/2017 14:00,67.58
3/30/2017 13:30,67.57
3/30/2017 13:00,67.4664
3/30/2017 12:30,67.28
3/30/2017 12:00,67.41
3/30/2017 11:30,67.49
3/30/2017 11:00,67.68
3/30/2017 10:30,67.695
3/30/2017 10:00,67.41
3/30/2017 9:30,67.595
3/29/2017 15:30,67.65
3/29/2017 15:00,67.69
3/29/2017 14:30,67.83
3/29/2017 14:00,67.88
3/29/2017 13:30,67.9136
3/29/2017 13:00,67.86
3/29/2017 12:30,67.69
3/29/2017 12:00,67.6101
3/29/2017 11:30,67.79
3/29/2017 11:00,67.82
3/29/2017 10:30,67.57
3/29/2017 10:00,67.24
3/29/2017 9:30,67.43
3/28/2017 15:30,67.09
3/28/2017 15:00,67.27
3/28/2017 14:30,67.24
3/28/2017 14:00,67.31
3/28/2017 13:30,67.26
3/28/2017 13:00,67.03
3/28/2017 12:30,66.9943
3/28/2017 12:00,66.89
3/28/2017 11:30,66.98
3/28/2017 11:00,67
3/28/2017 10:30,66.74
3/28/2017 10:00,66.68
3/28/2017 9:30,66.39
3/27/2017 15:30,66.48
3/27/2017 15:00,66.39
3/27/2017 14:30,66.47
3/27/2017 14:00,66.38
3/27/2017 13:30,66.42
3/27/2017 13:00,66.56
3/27/2017 12:30,66.54
3/27/2017 12:00,66.56
3/27/2017 11:30,66.48
3/27/2017 11:00,66.33
3/27/2017 10:30,66.24
3/27/2017 10:00,65.99
3/27/2017 9:30,66.02
3/24/2017 15:30,67.62
3/24/2017 15:00,67.45
3/24/2017 14:30,67.47
3/24/2017 14:00,67.68
3/24/2017 13:30,67.66
3/24/2017 13:00,67.83
3/24/2017 12:30,67.77
3/24/2017 12:00,67.75
3/24/2017 11:30,67.89
3/24/2017 11:00,67.75
3/24/2017 10:30,68
3/24/2017 10:00,67.96
3/24/2017 9:30,67.96
3/23/2017 15:30,67.59
3/23/2017 15:00,67.4
3/23/2017 14:30,67.5
3/23/2017 14:00,67.48
3/23/2017 13:30,67.47
3/23/2017 13:00,67.395
3/23/2017 12:30,67.82
3/23/2017 12:00,67.77
3/23/2017 11:30,67.54
3/23/2017 11:00,67.7
3/23/2017 10:30,67.63
3/23/2017 10:00,67.58
3/23/2017 9:30,67.61
3/22/2017 15:30,67.53
3/22/2017 15:00,67.675
3/22/2017 14:30,67.71
3/22/2017 14:00,67.52
3/22/2017 13:30,67.42
3/22/2017 13:00,67.46
3/22/2017 12:30,67.43
3/22/2017 12:00,67.47
3/22/2017 11:30,67.7
3/22/2017 11:00,67.67
3/22/2017 10:30,67.41
3/22/2017 10:00,67.23
3/22/2017 9:30,67.36
3/21/2017 15:30,67.65
3/21/2017 15:00,67.955
3/21/2017 14:30,67.885
3/21/2017 14:00,67.84
3/21/2017 13:30,67.63
3/21/2017 13:00,67.88
3/21/2017 12:30,67.8
3/21/2017 12:00,67.89
3/21/2017 11:30,68.05
3/21/2017 11:00,67.57
3/21/2017 10:30,68.09
3/21/2017 10:00,68.31
3/21/2017 9:30,68.97
3/20/2017 15:30,69.11
3/20/2017 15:00,69.095
3/20/2017 14:30,68.82
3/20/2017 14:00,68.97
3/20/2017 13:30,68.99
3/20/2017 13:00,69.14
3/20/2017 12:30,69.22
3/20/2017 12:00,69.25
3/20/2017 11:30,69.35
3/20/2017 11:00,69.37
3/20/2017 10:30,69.41
3/20/2017 10:00,69.46
3/20/2017 9:30,69.22
3/17/2017 15:30,69.52
3/17/2017 15:00,69.35
3/17/2017 14:30,69.49
3/17/2017 14:00,69.56
3/17/2017 13:30,69.39
3/17/2017 13:00,69.29
3/17/2017 12:30,69.34
3/17/2017 12:00,69.4
3/17/2017 11:30,69.34
3/17/2017 11:00,69.2
3/17/2017 10:30,69.02
3/17/2017 10:00,69.22
3/17/2017 9:30,68.92
3/16/2017 15:30,68.89
3/16/2017 15:00,68.88
3/16/2017 14:30,68.83
3/16/2017 14:00,68.82
3/16/2017 13:30,68.77
3/16/2017 13:00,68.72
3/16/2017 12:30,68.9
3/16/2017 12:00,68.82
3/16/2017 11:30,68.94
3/16/2017 11:00,68.84
3/16/2017 10:30,69.02
3/16/2017 10:00,68.97
3/16/2017 9:30,68.93
3/15/2017 15:30,68.85
3/15/2017 15:00,69.07
3/15/2017 14:30,68.877
3/15/2017 14:00,68.7
3/15/2017 13:30,68.19
3/15/2017 13:00,67.999
3/15/2017 12:30,68.12
3/15/2017 12:00,68.13
3/15/2017 11:30,68.11
3/15/2017 11:00,68.1
3/15/2017 10:30,68.01
3/15/2017 10:00,68.15
3/15/2017 9:30,67.95
3/14/2017 15:30,67.35
3/14/2017 15:00,67.33
3/14/2017 14:30,67.26
3/14/2017 14:00,67.29
3/14/2017 13:30,67.2
3/14/2017 13:00,67.34
3/14/2017 12:30,67.2
3/14/2017 12:00,67.166
3/14/2017 11:30,67.38
3/14/2017 11:00,67.31
3/14/2017 10:30,67.14
3/14/2017 10:00,66.73
3/14/2017 9:30,66.92
3/13/2017 15:30,67.88
3/13/2017 15:00,67.83
3/13/2017 14:30,67.8213
3/13/2017 14:00,67.8
3/13/2017 13:30,67.76
3/13/2017 13:00,67.84
3/13/2017 12:30,67.93
3/13/2017 12:00,67.9
3/13/2017 11:30,68.02
3/13/2017 11:00,67.77
3/13/2017 10:30,68
3/13/2017 10:00,68.09
3/13/2017 9:30,67.82
3/10/2017 15:30,67.71
3/10/2017 15:00,67.77
3/10/2017 14:30,67.6
3/10/2017 14:00,67.6328
3/10/2017 13:30,67.66
3/10/2017 13:00,67.47
3/10/2017 12:30,67.45
3/10/2017 12:00,67.7863
3/10/2017 11:30,67.77
3/10/2017 11:00,67.71
3/10/2017 10:30,67.46
3/10/2017 10:00,67.63
3/10/2017 9:30,67.52
3/9/2017 15:30,66.72
3/9/2017 15:00,66.61
3/9/2017 14:30,66.35
3/9/2017 14:00,66.425
3/9/2017 13:30,66.74
3/9/2017 13:00,67.02
3/9/2017 12:30,66.92
3/9/2017 12:00,66.76
3/9/2017 11:30,66.93
3/9/2017 11:00,67.06
3/9/2017 10:30,67.09
3/9/2017 10:00,67.28
3/9/2017 9:30,67.04
3/8/2017 15:30,67.31
3/8/2017 15:00,67.28
3/8/2017 14:30,67.23
3/8/2017 14:00,67.22
3/8/2017 13:30,67.38
3/8/2017 13:00,67.42
3/8/2017 12:30,67.31
3/8/2017 12:00,67.32
3/8/2017 11:30,67.28
3/8/2017 11:00,67.52
3/8/2017 10:30,67.46
3/8/2017 10:00,67.4
3/8/2017 9:30,67.63
3/7/2017 15:30,67.57
3/7/2017 15:00,67.67
3/7/2017 14:30,67.66
3/7/2017 14:00,67.67
3/7/2017 13:30,67.72
3/7/2017 13:00,67.825
3/7/2017 12:30,67.77
3/7/2017 12:00,67.77
3/7/2017 11:30,67.94
3/7/2017 11:00,67.99
3/7/2017 10:30,68.37
3/7/2017 10:00,68.44
3/7/2017 9:30,68.03
3/6/2017 15:30,68.27
3/6/2017 15:00,68.38
3/6/2017 14:30,68.31
3/6/2017 14:00,68.23
3/6/2017 13:30,68.33
3/6/2017 13:00,68.42
3/6/2017 12:30,68.21
3/6/2017 12:00,68.35
3/6/2017 11:30,68.32
3/6/2017 11:00,68.48
3/6/2017 10:30,68.38
3/6/2017 10:00,68.63
3/6/2017 9:30,68.4
3/3/2017 15:30,68.63
3/3/2017 15:00,68.64
3/3/2017 14:30,68.41
3/3/2017 14:00,68.38
3/3/2017 13:30,68.27
3/3/2017 13:00,68.2
3/3/2017 12:30,68.18
3/3/2017 12:00,68.3061
3/3/2017 11:30,68.22
3/3/2017 11:00,68.1
3/3/2017 10:30,67.95
3/3/2017 10:00,67.82
3/3/2017 9:30,67.9
3/2/2017 15:30,67.38
3/2/2017 15:00,67.53
3/2/2017 14:30,67.83
3/2/2017 14:00,67.72
3/2/2017 13:30,67.66
3/2/2017 13:00,67.69
3/2/2017 12:30,67.68
3/2/2017 12:00,67.88
3/2/2017 11:30,68.21
3/2/2017 11:00,68.32
3/2/2017 10:30,68.575
3/2/2017 10:00,68.66
3/2/2017 9:30,68.92
3/1/2017 15:30,69.19
3/1/2017 15:00,69.38
3/1/2017 14:30,69.51
3/1/2017 14:00,69.42
3/1/2017 13:30,69.23
3/1/2017 13:00,69.2
3/1/2017 12:30,69.22
3/1/2017 12:00,69.105
3/1/2017 11:30,68.96
3/1/2017 11:00,68.92
3/1/2017 10:30,68.4
3/1/2017 10:00,68.74
3/1/2017 9:30,68.86
2/28/2017 15:30,66.81
2/28/2017 15:00,66.76
2/28/2017 14:30,66.705
2/28/2017 14:00,66.8
2/28/2017 13:30,67.08
2/28/2017 13:00,67.08
2/28/2017 12:30,67.11
2/28/2017 12:00,67.16
2/28/2017 11:30,67.19
2/28/2017 11:00,67.29
2/28/2017 10:30,67.52
2/28/2017 10:00,67.44
2/28/2017 9:30,67.19
2/27/2017 15:30,67.61
2/27/2017 15:00,67.37
2/27/2017 14:30,67.38
2/27/2017 14:00,67.38
2/27/2017 13:30,67.27
2/27/2017 13:00,67.34
2/27/2017 12:30,67.33
2/27/2017 12:00,67.33
2/27/2017 11:30,67.22
2/27/2017 11:00,67.3
2/27/2017 10:30,67.48
2/27/2017 10:00,67.6
2/27/2017 9:30,67.47
2/24/2017 15:30,67.42
2/24/2017 15:00,67.26
2/24/2017 14:30,67.03
2/24/2017 14:00,67.09
2/24/2017 13:30,67.14
2/24/2017 13:00,67.01
2/24/2017 12:30,67.16
2/24/2017 12:00,67.2603
2/24/2017 11:30,67
2/24/2017 11:00,66.96
2/24/2017 10:30,67.04
2/24/2017 10:00,66.76
2/24/2017 9:30,67.14
2/23/2017 15:30,67.44
2/23/2017 15:00,67.4154
2/23/2017 14:30,67.35
2/23/2017 14:00,67.46
2/23/2017 13:30,67.645
2/23/2017 13:00,67.64
2/23/2017 12:30,67.59
2/23/2017 12:00,67.59
2/23/2017 11:30,67.14
2/23/2017 11:00,67.32
2/23/2017 10:30,67.53
2/23/2017 10:00,67.75
2/23/2017 9:30,68.12
2/22/2017 15:30,68.04
2/22/2017 15:00,68.06
2/22/2017 14:30,67.97
2/22/2017 14:00,67.94
2/22/2017 13:30,67.82
2/22/2017 13:00,68.14
2/22/2017 12:30,68.1
2/22/2017 12:00,68.04
2/22/2017 11:30,67.9
2/22/2017 11:00,67.86
2/22/2017 10:30,68.06
2/22/2017 10:00,68.18
2/22/2017 9:30,68.16
